Round / Page,Location,English source,Draft Spanish,Register,Constraint,Notes
R78 — Landing page (casewhy.com/es),Page <title>,CaseWhy — Know what's happening with your USCIS case,CaseWhy — Entiende qué pasa con tu caso de USCIS,tú,SEO title tag,Imperative 'Entiende' + possessive 'tu caso' are informal (tú). Usted equivalent: 'Entérese de qué pasa con su caso de USCIS.'
R78 — Landing page (casewhy.com/es),Meta description,"Your USCIS case, explained! CaseWhy tracks your USCIS case and explains, in plain English, what changed and what to do about it.","¡Tu caso de USCIS, explicado! CaseWhy monitorea tu caso de USCIS y te explica, en español sencillo, qué cambió y qué hacer al respecto.",tú,SEO meta description,'tu caso' / 'te explica' informal.
R78 — Landing page (casewhy.com/es),Logo tagline,"Your USCIS case, explained!","Tu caso de USCIS, explicado",tú,"Single-line, fits under logo lockup",
R78 — Landing page (casewhy.com/es),Nav: How it works,How it works,Cómo funciona,neutral,Single-line nav item,
R78 — Landing page (casewhy.com/es),Nav: Privacy,Privacy,Privacidad,neutral,Single-line nav item,
R78 — Landing page (casewhy.com/es),Nav: Join waitlist,Join the waitlist,Únete a la lista de espera,tú,Single-line nav item,Imperative 'Únete' informal; usted = 'Únase a la lista de espera.'
R78 — Landing page (casewhy.com/es),Header: Get Help link,Get Help,Obtener ayuda,neutral,Single-line nav item,"Infinitive phrase, register-neutral."
R78 — Landing page (casewhy.com/es),Header: Sign in link,Sign in,Iniciar sesión,neutral,Single-line nav item,"Infinitive phrase, register-neutral."
R78 — Landing page (casewhy.com/es),Header: language switcher,Español (on EN page) / English (on ES page),English (on ES page) / Español (on EN page),neutral,Single-line nav item,"Language names, not translated content per se."
R78 — Landing page (casewhy.com/es),Hero eyebrow,"Coming soon — built and tested, waiting on final USCIS approval","Próximamente — construido y probado, a la espera de la aprobación final de USCIS",neutral,"Pill badge, short",
R78 — Landing page (casewhy.com/es),Hero H1,Know what's happening. Know what to do next.,Entérate de qué está pasando. Entérate de qué hacer después.,tú,"Two-line headline, clamp(2rem,4.5vw,3.1rem)",Reflexive imperative 'Entérate' is tú-form; usted = 'Entérese.'
R78 — Landing page (casewhy.com/es),Hero subheadline,"CaseWhy checks your case with USCIS every day and explains what changed in plain English — citing the actual policy memo or court ruling behind it, and telling you plainly whether it applies to your case and what it means for you, not a generic explanation you're left to interpret yourself. When a case stalls, our escalation toolkit helps you draft a real congressional or USCIS Ombudsman inquiry. When that's not enough, we connect you to real help: free legal aid, accredited representatives, and attorneys — all free, no ads, ever.","CaseWhy revisa tu caso con USCIS todos los días y te explica qué cambió en español sencillo — citando el memorando de política o el fallo judicial real detrás del cambio, y diciéndote claramente si aplica a tu caso y qué significa para ti, no una explicación genérica que tienes que interpretar por tu cuenta. Cuando un caso se estanca, nuestro kit de herramientas de escalamiento te ayuda a redactar una solicitud real a tu representante en el Congreso o al Ombudsman de USCIS. Cuando eso no es suficiente, te conectamos con ayuda real: asistencia legal gratuita, representantes acreditados y abogados — todo gratis, sin anuncios, siempre.",tú,max-width 640px paragraph,"Pervasive 'tu'/'te'/'ti' throughout (round 77's hero copy, translated as-is)."
R78 — Landing page (casewhy.com/es),Waitlist email placeholder (hero + footer),you@email.com,tu@correo.com,tú,"Input placeholder, short","Playful 'tu@' domain pun — deliberately informal styling choice, not just a literal translation."
R78 — Landing page (casewhy.com/es),Waitlist submit button (hero),Notify me at launch,Avísame cuando esté listo,tú,"Button, keep short",Imperative 'Avísame' tú-form; usted = 'Avíseme.'
R78 — Landing page (casewhy.com/es),Waitlist form note,Built and tested. Opening the moment USCIS grants production access.,Construido y probado. Abrirá en cuanto USCIS otorgue acceso de producción.,neutral,,
R78 — Landing page (casewhy.com/es),Problem section H2,USCIS backlogs are the worst they've ever been,Los atrasos de USCIS son los peores que ha habido,neutral,,
R78 — Landing page (casewhy.com/es),Problem paragraph,"Over 12 million cases are sitting in the system right now, and the official status page gives you a vague label and nothing else. You're left refreshing a page, guessing what ""Case Is Being Actively Reviewed"" actually means, and searching forums at midnight for someone in your exact situation.","Ahora mismo hay más de 12 millones de casos en el sistema, y la página oficial de estado solo te da una etiqueta vaga y nada más. Te quedas actualizando la página una y otra vez, tratando de adivinar qué significa realmente ""Case Is Being Actively Reviewed"", y buscando en foros a medianoche a alguien en tu misma situación.",tú,,'te da' / 'Te quedas' / 'tu misma situación' informal.
R78 — Landing page (casewhy.com/es),Stat label 1,pending USCIS cases,casos pendientes en USCIS,neutral,"Stat card, short",
R78 — Landing page (casewhy.com/es),Stat label 2,"net backlog growth, year over year","crecimiento neto del atraso, año contra año",neutral,"Stat card, short",
R78 — Landing page (casewhy.com/es),Stat label 3,"status label, zero explanation","etiqueta de estado, cero explicación",neutral,"Stat card, short",
R78 — Landing page (casewhy.com/es),Source note,"Source: USCIS quarterly caseload data, Q2 FY2026 — re-verified Sep 5, 2026, not carried over unchecked.","Fuente: datos trimestrales de carga de casos de USCIS, T2 del año fiscal 2026 — reverificado el 5 de septiembre de 2026, no reutilizado sin revisar.",neutral,,
R78 — Landing page (casewhy.com/es),Features H2,What's already built,Lo que ya está construido,neutral,,
R78 — Landing page (casewhy.com/es),Features section note,"Not a mockup of the plan — this is what's actually running today, tested against USCIS's own sandbox environment.","No es una maqueta del plan — esto es lo que realmente funciona hoy, probado contra el propio entorno de pruebas de USCIS.",neutral,,
R78 — Landing page (casewhy.com/es),Feature 1 title,Daily automatic checks,Revisiones automáticas diarias,neutral,Card heading,
R78 — Landing page (casewhy.com/es),Feature 1 body,"We check your case with USCIS every day and notify you the moment anything changes — by email, and by push notification if you've enabled it — no refreshing, no guessing.","Revisamos tu caso con USCIS todos los días y te avisamos en el momento en que algo cambia — por correo electrónico, y con notificación push si la activaste — sin necesidad de actualizar la página ni adivinar.",tú,,'tu caso' / 'te avisamos' / 'la activaste' informal.
R78 — Landing page (casewhy.com/es),Feature 2 title,Explanations grounded in real policy,Explicaciones basadas en políticas reales,neutral,Card heading,
R78 — Landing page (casewhy.com/es),Feature 2 body,"When your status changes, CaseWhy explains what it actually means — and when a real USCIS policy memo, court ruling, or backlog might be why, it shows you the source, not just an AI's guess.","Cuando tu estado cambia, CaseWhy te explica qué significa realmente — y cuando un memorando de política, un fallo judicial o un atraso de USCIS pueden ser la razón, te muestra la fuente, no solo una suposición de la IA.",tú,,'tu estado' / 'te explica' / 'te muestra' informal.
R78 — Landing page (casewhy.com/es),Feature 3 title,Ask CaseWhy anything,Pregúntale a CaseWhy lo que sea,tú,Card heading,Imperative 'Pregúntale' tú-form; usted = 'Pregúntele a CaseWhy lo que sea.'
R78 — Landing page (casewhy.com/es),Feature 3 body,"Have a question about your case at 2am? Ask. CaseWhy answers using your case's real status and history, and always points you to a licensed attorney the moment a question needs real legal advice.","¿Tienes una pregunta sobre tu caso a las 2am? Pregunta. CaseWhy responde usando el estado real y el historial de tu caso, y siempre te dirige a un abogado con licencia en el momento en que una pregunta requiere asesoría legal real.",tú,,'¿Tienes...tu caso' / 'Pregunta' (tú-imperative) / 'te dirige' informal.
R78 — Landing page (casewhy.com/es),Feature 4 title,"Processing times and the Visa Bulletin, side by side","Tiempos de procesamiento y el Boletín de Visas, uno al lado del otro",neutral,"Card heading, wide card",
R78 — Landing page (casewhy.com/es),Feature 4 body,"Official USCIS processing-time ranges and the current Visa Bulletin, right next to your own case — not a separate tab you have to remember to check.","Los rangos oficiales de tiempo de procesamiento de USCIS y el Boletín de Visas actual, justo al lado de tu propio caso — no una pestaña aparte que tienes que recordar revisar.",tú,,'tu propio caso' / 'tienes que recordar' informal.
R78 — Landing page (casewhy.com/es),Feature 4 image alt (processing times),"A real screenshot of CaseWhy's processing times page, showing USCIS's published processing-time estimates by form type.","Una captura de pantalla real de la página de tiempos de procesamiento de CaseWhy, mostrando las estimaciones publicadas por USCIS según el tipo de formulario.",neutral,"Image alt text, accessibility only",
R78 — Landing page (casewhy.com/es),Feature 4 image alt (visa bulletin),"A real screenshot of CaseWhy's visa bulletin page, showing the current Final Action Dates table by category and country.","Una captura de pantalla real de la página del Boletín de Visas de CaseWhy, mostrando la tabla actual de Fechas de Acción Final por categoría y país.",neutral,"Image alt text, accessibility only",
R78 — Landing page (casewhy.com/es),Feature 5 title,"CaseWhy Plus, coming at launch","CaseWhy Plus, disponible desde el lanzamiento",neutral,Card heading,
R78 — Landing page (casewhy.com/es),Feature 5 body,"Unlimited case tracking for your whole family, unlimited questions, on-demand checks, a secure document vault, an escalation toolkit for stalled cases (representative lookup plus congressional, field-office, and USCIS Ombudsman letter templates), and an attorney-ready case report you can bring to a consultation.","Seguimiento ilimitado de casos para toda tu familia, preguntas ilimitadas, revisiones bajo demanda, una bóveda segura de documentos, un kit de herramientas de escalamiento para casos estancados (búsqueda de representante más plantillas de cartas para el Congreso, la oficina local y el Ombudsman de USCIS), y un reporte de caso listo para llevar a una consulta con un abogado.",tú,,'toda tu familia' informal.
R78 — Landing page (casewhy.com/es),Get Help H2,"More than a tracker — real help, free","Más que un rastreador — ayuda real, gratis",neutral,,
R78 — Landing page (casewhy.com/es),Get Help section note 1,"Other case trackers stop at a status update. CaseWhy connects you to real help — attorneys, accredited representatives, and free legal aid — built into the app.","Otros rastreadores de casos se detienen en una actualización de estado. CaseWhy te conecta con ayuda real — abogados, representantes acreditados y asistencia legal gratuita — integrados en la aplicación.",tú,,'te conecta' informal.
R78 — Landing page (casewhy.com/es),Get Help free line,"Free to use, always — no fees, no ads, ever.","Gratis para usar, siempre — sin cuotas, sin anuncios, nunca.",neutral,,
R78 — Landing page (casewhy.com/es),Get Help section note 2,"Not sure which one you need? Answer two quick questions and we'll point you to the right option — or just ask CaseWhy's AI directly, free, no sign-up required.","¿No estás seguro de cuál necesitas? Responde dos preguntas rápidas y te dirigiremos a la opción correcta — o simplemente pregúntale directamente a la IA de CaseWhy, gratis, sin necesidad de registrarte.",tú,,'¿No estás seguro...necesitas' / 'te dirigiremos' / 'pregúntale' / 'registrarte' all informal.
R78 — Landing page (casewhy.com/es),Get Help card: Attorneys (title/badge/body),"Attorneys / Live / Board-certified immigration attorneys, sourced from official state bar records — free to browse, free to be listed.","Abogados / Activo / Abogados de inmigración certificados, obtenidos de registros oficiales de colegios de abogados estatales — gratis para explorar, gratis para aparecer en la lista.",neutral,"Card, 2-3 lines",
R78 — Landing page (casewhy.com/es),Get Help card: Accredited representatives,"Accredited representatives / Live, nationwide / DOJ-accredited representatives in all 50 states, sourced directly from official government records.","Representantes acreditados / Activo, a nivel nacional / Representantes acreditados por el DOJ en los 50 estados, obtenidos directamente de registros oficiales del gobierno.",neutral,"Card, 2-3 lines",
R78 — Landing page (casewhy.com/es),Get Help card: Legal aid,"Legal aid & nonprofit organizations / Live, nationwide / Free and low-cost legal help for those who need it most, sourced from official nonprofit records.","Asistencia legal y organizaciones sin fines de lucro / Activo, a nivel nacional / Ayuda legal gratuita y de bajo costo para quienes más la necesitan, obtenida de registros oficiales de organizaciones sin fines de lucro.",neutral,"Card, 2-3 lines",
R78 — Landing page (casewhy.com/es),Get Help card: Pro bono representation,"Pro bono immigration-court representation / Live, nationwide / Free representation in immigration court proceedings, organized by court, sourced from EOIR's own list.","Representación gratuita en la corte de inmigración / Activo, a nivel nacional / Representación gratuita en procesos ante la corte de inmigración, organizada por corte, obtenida directamente de la lista de EOIR.",neutral,"Card, 2-3 lines",
R78 — Landing page (casewhy.com/es),Get Help card: DSO,"University international student offices / Live, nationwide / Find your school's international student office, sourced from DHS's own certified school directory.","Oficinas internacionales de universidades / Activo, a nivel nacional / Encuentra la oficina de estudiantes internacionales de tu escuela, obtenida del propio directorio de escuelas certificadas del DHS.",tú,"Card, 2-3 lines",Imperative 'Encuentra' + 'tu escuela' informal; usted = 'Encuentre la oficina...de su escuela.'
R78 — Landing page (casewhy.com/es),Get Help card: Community orgs,"Community & cultural organizations / Live, nationwide / Local, trusted organizations that understand your community, sourced from official USCIS grant records.","Organizaciones comunitarias y culturales / Activo, a nivel nacional / Organizaciones locales y de confianza que entienden tu comunidad, obtenidas de registros oficiales de subvenciones de USCIS.",tú,"Card, 2-3 lines",'tu comunidad' informal.
R78 — Landing page (casewhy.com/es),Get Help card: Employers (coming soon),For employers / Coming soon / Sponsoring or relocating employees? We can help.,Para empleadores / Próximamente / ¿Patrocinando o reubicando empleados? Podemos ayudar.,neutral,"Card, 2-3 lines",
R78 — Landing page (casewhy.com/es),Get Help CTA buttons,Explore Get Help → / Ask a free question →,Explorar Obtener Ayuda → / Hacer una pregunta gratis →,neutral,"Buttons, keep short",
R78 — Landing page (casewhy.com/es),Trust H2,Built to be trusted with something this personal,Construido para que confíes algo tan personal,tú,,Subjunctive 'confíes' tú-form; usted = 'confíe.'
R78 — Landing page (casewhy.com/es),Trust item 1,Official data only. Case status comes from USCIS's own systems — we don't scrape or guess.,Solo datos oficiales. El estado del caso proviene de los propios sistemas de USCIS — no extraemos datos de forma no oficial ni adivinamos.,neutral,,
R78 — Landing page (casewhy.com/es),Trust item 2,"Encrypted at rest with AES-256, the same standard used for banking data — and minimal by design: we only ever store what's needed to track your case.","Cifrado en reposo con AES-256, el mismo estándar usado para datos bancarios — y mínimo por diseño: solo almacenamos lo necesario para monitorear tu caso.",tú,,'tu caso' informal.
R78 — Landing page (casewhy.com/es),Trust item 3,"No hallucinated citations. Every policy or case-law reference CaseWhy shows you is matched against your case's actual facts by code, not invented by the AI or presented as more certain than it is.","Sin citas inventadas por la IA. Cada referencia a una política o caso legal que CaseWhy te muestra se compara con los hechos reales de tu caso mediante código, no inventada por la IA ni presentada con más certeza de la que tiene.",tú,,'te muestra' / 'tu caso' informal.
R78 — Landing page (casewhy.com/es),Trust item 4,"Your data isn't for sale. We don't sell or rent your information to anyone, ever.",Tus datos no están a la venta. Nunca vendemos ni alquilamos tu información a nadie.,tú,,'Tus datos' / 'tu información' informal possessives; usted = 'Sus datos... su información.'
R78 — Landing page (casewhy.com/es),Disclaimer box,"CaseWhy is not a law firm and does not give legal advice. Everything CaseWhy tells you is general, informational guidance drawn from public USCIS process information. For anything specific to your case, we'll always point you toward a licensed immigration attorney.","CaseWhy no es un despacho de abogados y no brinda asesoría legal. Todo lo que CaseWhy te dice es orientación general e informativa basada en información pública de los procesos de USCIS. Para algo específico a tu caso, siempre te dirigiremos hacia un abogado de inmigración con licencia.",tú,,'te dice' / 'tu caso' / 'te dirigiremos' informal.
R78 — Landing page (casewhy.com/es),Founder note H2,Why I built this,Por qué construí esto,neutral,"1st person, no reader address",
R78 — Landing page (casewhy.com/es),Founder note body,"I built CaseWhy because I lived this. My wife's, my daughter's, and my own naturalization cases sat in months of unexplained silence after our interviews — just a status label that hadn't moved. It took an email to my congressional representative's office to learn why: a USCIS policy memo, later struck down in court, had quietly paused cases like ours. Nobody at USCIS was going to volunteer that. CaseWhy exists so the next person doesn't have to fight as hard just to find out why.","Construí CaseWhy porque yo viví esto. Los casos de naturalización de mi esposa, mi hija y el mío propio estuvieron meses en un silencio sin explicación después de nuestras entrevistas — solo una etiqueta de estado que no se movía. Tuve que escribirle a la oficina de mi representante en el Congreso para saber por qué: un memorando de política de USCIS, luego anulado por un tribunal, había pausado silenciosamente casos como el nuestro. Nadie en USCIS iba a decírtelo por voluntad propia. CaseWhy existe para que la próxima persona no tenga que luchar tanto solo para saber por qué.",neutral,1st person narrative,"One stray informal 'decírtelo' (told you) appears mid-paragraph even though the rest is 1st-person narrative with no reader address — worth a look during review since it's arguably an inconsistency within this single paragraph, not just across pages."
R78 — Landing page (casewhy.com/es),Founder sign-off,"— Peter, founder of CaseWhy","— Peter, fundador de CaseWhy",neutral,,
R78 — Landing page (casewhy.com/es),CTA H2,Be first to try CaseWhy,Sé de los primeros en probar CaseWhy,tú,,Imperative 'Sé' (ser) tú-form; usted = 'Sea de los primeros...'
R78 — Landing page (casewhy.com/es),CTA body,"We're building this in the open — daily case checks, policy-grounded explanations, processing times, and visa bulletin tracking are already working. Join the list and you'll be first to know the moment real-case tracking opens up.","Estamos construyendo esto de forma abierta — las revisiones diarias de casos, las explicaciones basadas en políticas, los tiempos de procesamiento y el seguimiento del Boletín de Visas ya están funcionando. Únete a la lista y serás de los primeros en saber en cuanto se abra el seguimiento de casos reales.",tú,,'Únete' (imperative) / 'serás' (future) tú-forms.
R78 — Landing page (casewhy.com/es),Footer CTA form (repeat of hero form),you@email.com / Notify me,tu@correo.com / Avísame,tú,"Button, short",Same as hero form fields.
R78 — Landing page (casewhy.com/es),Footer copyright,© 2026 CaseWhy. Not affiliated with or endorsed by USCIS or DHS.,© 2026 CaseWhy. No afiliado ni respaldado por USCIS o DHS.,neutral,,
R78 — Landing page (casewhy.com/es),Footer link: Privacy Policy,Privacy Policy,Política de Privacidad (en inglés),neutral,Destination page stays English,'(en inglés)' caveat added since privacy.html itself is not translated.
R78 — Landing page (casewhy.com/es),Footer link: Terms of Service,Terms of Service,Términos de Servicio (en inglés),neutral,Destination page stays English,Same caveat pattern.
R78 — Landing page (casewhy.com/es),Footer link: Contact,Contact,Contacto,neutral,,
R78 — Landing page (casewhy.com/es),Footer link: Get Help,Get Help,Obtener Ayuda,neutral,,
R78 — Landing page (casewhy.com/es),Footer link: FAQ,FAQ,Preguntas Frecuentes (en inglés),neutral,Destination page stays English,Same caveat pattern.
R78 — Landing page (casewhy.com/es),Footer link: Site Index,Site Index,Índice del Sitio,neutral,,
R78 — Landing page (casewhy.com/es),Share widget trigger label,Share / Share CaseWhy,Compartir / Compartir CaseWhy,neutral,"Button, short",
R78 — Landing page (casewhy.com/es),Share menu: Share on X,Share on X,Compartir en X,neutral,"aria-label / title, icon button",
R78 — Landing page (casewhy.com/es),Share menu: Share on Facebook,Share on Facebook,Compartir en Facebook,neutral,"aria-label / title, icon button",
R78 — Landing page (casewhy.com/es),Share menu: Share on LinkedIn,Share on LinkedIn,Compartir en LinkedIn,neutral,"aria-label / title, icon button",
R78 — Landing page (casewhy.com/es),Share menu: Share on WhatsApp,Share on WhatsApp,Compartir en WhatsApp,neutral,"aria-label / title, icon button",
R78 — Landing page (casewhy.com/es),Share menu: Share via email,(implicit — email icon aria-label not present in EN source shown; ES uses 'Compartir por correo'),Compartir por correo,neutral,"aria-label / title, icon button",English source for this specific icon's aria-label wasn't visible in the grepped EN script excerpt — flagging for a direct diff check against index.html's email icon label rather than assumed.
R78 — Landing page (casewhy.com/es),Share menu: Copy link,Copy link,Copiar enlace,neutral,"aria-label / title, icon button",
R78 — Landing page (casewhy.com/es),Share menu: Copied confirmation,Copied!,¡Copiado!,neutral,Transient inline label,
R79 — /plus,Metadata title,CaseWhy Plus — Pricing & Features | CaseWhy,CaseWhy Plus — Precios y Funciones | CaseWhy,neutral,SEO title tag,
R79 — /plus,Metadata description,"Compare CaseWhy's free and Plus tiers — multiple tracked cases, faster notifications, and unlimited AI questions about your case.","Compara los niveles gratuito y Plus de CaseWhy — múltiples casos rastreados, notificaciones más rápidas y preguntas ilimitadas de IA sobre tu caso.",tú,SEO meta description,'Compara' imperative + 'tu caso' informal; usted = 'Compare...sobre su caso.'
R79 — /plus,Checkout success banner,You're subscribed to CaseWhy Plus. It may take a few seconds for every feature to unlock.,Estás suscrito a CaseWhy Plus. Puede tardar unos segundos en desbloquearse cada función.,tú,Inline banner,'Estás' informal.
R79 — /plus,Checkout cancelled banner,Checkout was cancelled — no charge was made.,El pago fue cancelado — no se realizó ningún cargo.,neutral,Inline banner,
R79 — /plus,H1,CaseWhy Plus,CaseWhy Plus,neutral,"Product name, untranslated",
R79 — /plus,Subheadline,"Unlimited, cited AI chat about your case — plus the escalation toolkit for when it stalls. For you and your whole family.",Chat de IA ilimitado y con citas sobre tu caso — más el kit de herramientas de escalamiento para cuando se estanca. Para ti y toda tu familia.,tú,,'tu caso' / 'Para ti' / 'toda tu familia' informal.
R79 — /plus,Subscription cancel-scheduled banner,Your subscription is set to cancel on {date}. You'll keep full access until then.,Tu suscripción está programada para cancelarse el {date}. Mantendrás acceso completo hasta entonces.,tú,Inline banner,'Tu suscripción' / 'Mantendrás' informal.
R79 — /plus,Payment past-due banner,Your last payment didn't go through. Update your payment method to keep your subscription active.,Tu último pago no se completó. Actualiza tu método de pago para mantener tu suscripción activa.,tú,Inline banner,Imperative 'Actualiza' + 'tu método de pago' / 'tu suscripción' informal.
R79 — /plus,Manage subscription button,Manage subscription,Administrar suscripción,neutral,"Button, short","Infinitive-style label, register-neutral."
R79 — /plus,Plan card labels,Monthly / Quarterly / Annual,Mensual / Trimestral / Anual,neutral,"Card heading, short",
R79 — /plus,Plan card per-month equivalent,$X / month equivalent,$X / mes equivalente,neutral,Small print under price,
R79 — /plus,Subscribe button,Subscribe,Suscribirse,neutral,"Button, short","Infinitive, register-neutral."
R79 — /plus,Sign in to subscribe link,Sign in to subscribe,Inicia sesión para suscribirte,tú,"Button, short",Imperative 'Inicia' + reflexive 'suscribirte' tú-forms; usted = 'Inicie sesión para suscribirse.'
R79 — /plus,No refunds note,"No refunds, no proration — cancel anytime and you'll keep access through the end of your current billing period.","Sin reembolsos, sin prorrateo — cancela cuando quieras y mantendrás el acceso hasta el final de tu período de facturación actual.",tú,,'cancela' imperative / 'quieras' / 'mantendrás' / 'tu período' informal.
R79 — /plus,Highlight box 1 title,"Unlimited questions, actually grounded","Preguntas ilimitadas, realmente fundamentadas",neutral,,
R79 — /plus,Highlight box 1 body,"Ask as many questions as you need, the moment your case changes. Every answer cites CaseWhy's own USCIS policy knowledge base — not a generic chatbot guessing.","Haz todas las preguntas que necesites, en el momento en que tu caso cambie. Cada respuesta cita la propia base de conocimiento de políticas de USCIS de CaseWhy — no un chatbot genérico adivinando.",tú,,'Haz' imperative / 'necesites' subjunctive / 'tu caso' informal.
R79 — /plus,See how it works link (x2),See how it works →,Ver cómo funciona →,neutral,"Link, short",
R79 — /plus,Highlight box 2 title,A real escalation toolkit,Un kit de herramientas de escalamiento real,neutral,,
R79 — /plus,Highlight box 2 body,"When a case stalls, find your real congressional representative and draft a real escalation letter — pre-filled with your case's details, not a blank page.","Cuando un caso se estanca, encuentra a tu representante real en el Congreso y redacta una carta de escalamiento real — prellenada con los detalles de tu caso, no una página en blanco.",tú,,'encuentra' / 'redacta' imperatives + 'tu representante' / 'tu caso' informal.
R79 — /plus,Comparison table headers,Free / Plus,Gratis / Plus,neutral,"Table column headers, short",
R79 — /plus,Feature title: ai-chat,AI chat about your case,Chat con IA sobre tu caso,tú,Table row label,'tu caso' informal.
R79 — /plus,Feature title: tracked-cases,Tracked cases (family),Casos rastreados (familia),neutral,Table row label,
R79 — /plus,Feature title: on-demand-checks,On-demand status checks,Revisiones de estado bajo demanda,neutral,Table row label,
R79 — /plus,Feature title: document-vault,Secure document vault,Bóveda segura de documentos,neutral,Table row label,
R79 — /plus,Feature title: stalled-case-alert,Stalled-case alert,Alerta de caso estancado,neutral,Table row label,
R79 — /plus,Feature title: representative-lookup,Representative lookup,Búsqueda de representante,neutral,Table row label,
R79 — /plus,Feature title: escalation-letters,Escalation letter drafting,Redacción de cartas de escalamiento,neutral,Table row label,
R79 — /plus,Feature title: pdf-report,Attorney-handoff PDF report,Reporte en PDF para el abogado,neutral,Table row label,
R79 — /plus,Feature explanation: ai-chat,"Your status just changed to ""Request for Evidence"" and you don't know what that means, whether your timeline just reset, or what USCIS actually wants — that's exactly what the chat is for. Ask in plain English and get an answer grounded in CaseWhy's own curated policy and case-law knowledge base, with visible citations you can check yourself, instead of a generic chatbot guessing from general training data. On the free tier, 3 questions a month runs out fast — one real update to your case can easily produce three follow-up questions in a single evening, and then you're locked out until next month right when you need it most. Plus removes the limit entirely, so you can ask a question the moment you're anxious about one, not ration them.","Tu estado acaba de cambiar a ""Solicitud de Evidencia"" y no sabes qué significa, si tu cronograma se reinició, o qué es lo que USCIS realmente quiere — para eso es exactamente el chat. Pregunta en lenguaje sencillo y obtén una respuesta basada en la propia base de conocimiento de políticas y jurisprudencia de CaseWhy, con citas visibles que puedes verificar tú mismo, en lugar de un chatbot genérico adivinando a partir de datos de entrenamiento generales. En el nivel gratuito, 3 preguntas al mes se agotan rápido — una sola actualización real de tu caso puede fácilmente generar tres preguntas de seguimiento en una sola noche, y luego quedas bloqueado hasta el próximo mes justo cuando más lo necesitas. Plus elimina el límite por completo, para que puedas hacer una pregunta en el momento en que te preocupe, sin tener que racionarlas.",tú,Long-form explanation paragraph,'Tu estado' / 'no sabes' / 'Pregunta' / 'obtén' (imperatives) / 'puedes' / 'te preocupe' pervasive tú.
R79 — /plus,Feature explanation: tracked-cases,"A free account tracks up to 3 cases — fine for most people, but bigger or more complex households need more: a spouse's I-485 alongside your own, kids' derivative cases, or parents you're helping through an N-400 you understand better than they do. Plus is unlimited case tracking for your family — no fixed cap — so the whole household lives under a single login instead of everyone creating separate accounts (and separate subscriptions) just to see their own status. Each case gets its own full CaseWhy experience — its own status history, its own AI explanations, its own document vault — switched between with a single click, not re-entered from scratch every time. Tracking more than 10 cases at once is uncommon enough that we ask for a quick, one-time check before it kicks in — most households never see this step, and it's a review, not a denial.","Una cuenta gratuita rastrea hasta 3 casos — suficiente para la mayoría de las personas, pero los hogares más grandes o complejos necesitan más: el I-485 de tu cónyuge junto al tuyo, los casos derivados de tus hijos, o los padres a quienes ayudas con un N-400 que entiendes mejor que ellos. Plus ofrece seguimiento ilimitado de casos para tu familia — sin límite fijo — para que todo el hogar viva bajo un solo inicio de sesión en lugar de que cada quien cree cuentas separadas (y suscripciones separadas) solo para ver su propio estado. Cada caso obtiene su propia experiencia completa de CaseWhy — su propio historial de estado, sus propias explicaciones de IA, su propia bóveda de documentos — y puedes cambiar entre ellos con un solo clic, sin tener que volver a ingresarlos desde cero. Rastrear más de 10 casos a la vez es lo suficientemente inusual como para que pidamos una revisión rápida y única antes de que se active — la mayoría de los hogares nunca ven este paso, y es una revisión, no un rechazo.",tú,Long-form explanation paragraph,'tu cónyuge' / 'tus hijos' / 'ayudas' / 'entiendes' / 'tu familia' / 'puedes' pervasive tú.
R79 — /plus,Feature explanation: on-demand-checks,"Every account, free or Plus, gets an automatic status check once a day. Most days that's plenty — but the day your case might actually have moved isn't most days. Plus adds a real ""Check now"" button right on the dashboard for exactly that moment: you heard something changed, or it's just been quiet too long and you want to know right now instead of waiting for tomorrow's scheduled check. It calls USCIS directly, the same way the daily check does, just on your schedule instead of a fixed one.","Cada cuenta, gratuita o Plus, recibe una revisión automática de estado una vez al día. La mayoría de los días eso es suficiente — pero el día en que tu caso realmente pudo haber avanzado no es la mayoría de los días. Plus agrega un botón real de ""Revisar ahora"" directamente en el panel para exactamente ese momento: escuchaste que algo cambió, o simplemente ha estado en silencio demasiado tiempo y quieres saberlo ahora mismo en lugar de esperar la revisión programada de mañana. Consulta a USCIS directamente, de la misma forma que lo hace la revisión diaria, solo que según tu propio horario en lugar de uno fijo.",tú,Long-form explanation paragraph,'tu caso' / 'escuchaste' / 'quieres' / 'tu propio horario' pervasive tú.
R79 — /plus,Feature explanation: document-vault,"An RFE lands with a deadline and a list of documents USCIS wants — pay stubs, a new I-693, a marriage certificate, whatever it is. The vault is where you put them as you gather them, attached to that specific case, encrypted, and private to your account (backed by Vercel's private Blob storage, not a shared folder). It's most useful in the exact moment things get stressful: instead of a downloads folder full of scans you'll never find again, everything relevant to one case lives in one place — genuinely handy if you ever need to hand a case off to an attorney and don't want to re-gather everything from scratch.","Llega una RFE con una fecha límite y una lista de documentos que USCIS quiere — recibos de nómina, un nuevo I-693, un acta de matrimonio, lo que sea. La bóveda es donde los colocas a medida que los reúnes, vinculados a ese caso específico, cifrados y privados para tu cuenta (respaldados por el almacenamiento privado Blob de Vercel, no una carpeta compartida). Es más útil justo en el momento en que las cosas se ponen estresantes: en lugar de una carpeta de descargas llena de escaneos que nunca volverás a encontrar, todo lo relacionado con un caso vive en un solo lugar — genuinamente útil si alguna vez necesitas entregarle un caso a un abogado y no quieres volver a reunir todo desde cero.",tú,Long-form explanation paragraph,'los colocas' / 'tu cuenta' / 'necesitas' / 'no quieres' pervasive tú.
R79 — /plus,Feature explanation: stalled-case-alert,"CaseWhy flags a case that's gone unusually quiet relative to a real benchmark — not a guess, but how long cases like yours typically take before the next real step. This alert itself is free on every tier, by design: knowing something might be stuck shouldn't be behind a paywall. It's the two escalation tools that follow a stall alert — representative lookup and letter drafting, both below — that are part of Plus, since acting on a stall (versus just being told about one) is where the real value is.","CaseWhy marca un caso que se ha quedado inusualmente en silencio en relación con un punto de referencia real — no una suposición, sino cuánto tiempo suelen tardar casos como el tuyo antes del siguiente paso real. Esta alerta en sí es gratuita en todos los niveles, por diseño: saber que algo podría estar estancado no debería estar detrás de un muro de pago. Son las dos herramientas de escalamiento que siguen a una alerta de estancamiento — búsqueda de representante y redacción de cartas, ambas abajo — las que forman parte de Plus, ya que actuar ante un estancamiento (en lugar de solo ser informado de uno) es donde está el verdadero valor.",tú,Long-form explanation paragraph,'como el tuyo' informal possessive; otherwise mostly 3rd-person description.
R79 — /plus,Feature explanation: representative-lookup,"Once a case is flagged as stalled, a lot of people's first instinct is ""can my member of Congress help with this?"" — and most don't actually know who that is, or have an outdated name from years ago. Enter your address and CaseWhy looks up your real, current U.S. Senators and House representative — pulled from live government data, not a static list that goes stale after every election — as a genuine starting point for a congressional inquiry, one of the more effective real-world ways to get a stuck case looked at.","Una vez que un caso se marca como estancado, el primer instinto de muchas personas es ""¿puede ayudarme mi representante en el Congreso con esto?"" — y la mayoría en realidad no sabe quién es, o tiene un nombre desactualizado de hace años. Ingresa tu dirección y CaseWhy busca tus Senadores y Representante de la Cámara reales y actuales — extraídos de datos gubernamentales en vivo, no de una lista estática que queda obsoleta después de cada elección — como un punto de partida genuino para una consulta al Congreso, una de las formas más efectivas en la práctica de lograr que revisen un caso estancado.",tú,Long-form explanation paragraph,Imperative 'Ingresa' + 'tu dirección' / 'tus Senadores' informal.
R79 — /plus,Feature explanation: escalation-letters,"Knowing who to contact is one problem; knowing what to actually write is another. Plus can draft one of three real letters — a congressional inquiry to the representative you just looked up, a follow-up to your specific field office, or a formal USCIS Ombudsman case-assistance request — pre-filled with your case's real details so you're not staring at a blank page. This is deliberately not legal advice: every draft is adversarially tested to refuse fabricating claims or overstating your situation, and it's a starting point you review, edit, and send yourself, not something CaseWhy sends on your behalf.","Saber a quién contactar es un problema; saber qué escribir realmente es otro. Plus puede redactar una de tres cartas reales — una consulta al Congreso dirigida al representante que acabas de buscar, un seguimiento a tu oficina local específica, o una solicitud formal de asistencia de caso al Ombudsman de USCIS — prellenada con los detalles reales de tu caso para que no te quedes mirando una página en blanco. Esto deliberadamente no es asesoría legal: cada borrador se prueba de forma adversarial para negarse a inventar afirmaciones o exagerar tu situación, y es un punto de partida que tú revisas, editas y envías, no algo que CaseWhy envía en tu nombre.",tú,Long-form explanation paragraph,"'acabas de buscar' / 'tu oficina' / 'tu caso' / 'te quedes' / 'tú revisas, editas y envías' pervasive tú."
R79 — /plus,Feature explanation: pdf-report,"If a case reaches the point where you actually need an attorney, the first meeting usually starts with you re-explaining everything from the beginning while they take notes. This generates a real one-page PDF instead — your case's current status and CaseWhy's own plain-language explanation of it, ready to hand over or attach to an email — so that first conversation starts from ""here's where things stand"" instead of starting from zero.","Si un caso llega al punto en que realmente necesitas un abogado, la primera reunión normalmente comienza contigo volviendo a explicar todo desde el principio mientras ellos toman notas. Esto genera en su lugar un PDF real de una página — el estado actual de tu caso y la propia explicación en lenguaje sencillo de CaseWhy, lista para entregar o adjuntar a un correo — para que esa primera conversación comience desde ""así están las cosas"" en lugar de empezar desde cero.",tú,Long-form explanation paragraph,'necesitas' / 'contigo' / 'tu caso' informal.
R79 — /plus,Stalled-alert-always-free footnote,The stalled-case alert itself is always free — only the representative lookup and letter drafting that follow it are part of CaseWhy Plus.,La alerta de caso estancado siempre es gratuita — solo la búsqueda de representante y la redacción de cartas que le siguen son parte de CaseWhy Plus.,neutral,Small print,
R79 — /plus,Get Help cross-link footnote,"Get Help — finding an attorney or accredited representative — is free on every tier too, not a Plus perk.","Obtener Ayuda — encontrar un abogado o representante acreditado — también es gratis en todos los niveles, no es un beneficio de Plus.",neutral,Small print,
R79 — /plus,Section heading: in-depth,"Plus, in depth","Plus, en detalle",neutral,,
R79 — /plus,Section heading: FAQ,Questions,Preguntas,neutral,,
R79 — /plus,FAQ Q1,Can I cancel anytime?,¿Puedo cancelar en cualquier momento?,neutral,1st person question,
R79 — /plus,FAQ A1,"Yes — manage your subscription anytime from this page. Canceling keeps your Plus access through the end of the period you've already paid for, then reverts to the free tier. Nothing you've tracked or uploaded is deleted.","Sí — administra tu suscripción cuando quieras desde esta página. Cancelar mantiene tu acceso a Plus hasta el final del período que ya pagaste, y luego vuelve al nivel gratuito. Nada de lo que hayas rastreado o subido se elimina.",tú,,'administra' imperative / 'tu suscripción' / 'quieras' / 'tu acceso' informal.
R79 — /plus,FAQ Q2,What happens if I go back to the free tier?,¿Qué pasa si vuelvo al nivel gratuito?,neutral,1st person question,
R79 — /plus,FAQ A2,Your account and any cases beyond the free tier's limit stay in your account — you just won't be able to interact with them past the free tier's limits until you resubscribe.,Tu cuenta y cualquier caso más allá del límite del nivel gratuito permanecen en tu cuenta — simplemente no podrás interactuar con ellos más allá de los límites del nivel gratuito hasta que vuelvas a suscribirte.,tú,,'Tu cuenta' / 'podrás' / 'vuelvas' informal.
R79 — /plus,FAQ Q3,Is the escalation toolkit legal advice?,¿El kit de herramientas de escalamiento es asesoría legal?,neutral,,
R79 — /plus,FAQ A3,"No. CaseWhy is not a law firm and doesn't provide legal advice. The representative lookup and letter-drafting tools organize and format information you provide — they never generate legal conclusions or guarantee an outcome. For anything specific to your case, consult a licensed immigration attorney.","No. CaseWhy no es un despacho de abogados y no brinda asesoría legal. Las herramientas de búsqueda de representante y redacción de cartas organizan y dan formato a la información que proporcionas — nunca generan conclusiones legales ni garantizan un resultado. Para algo específico a tu caso, consulta a un abogado de inmigración con licencia.",tú,,'proporcionas' / 'tu caso' / 'consulta' (imperative) informal.
R79 — /plus,Language switcher (on ES page),English,English,neutral,Single-line link,
R79 — Get Help hub,Metadata title,Get Help — Find an Immigration Attorney or Free Legal Aid | CaseWhy,Obtener Ayuda — Encuentra un Abogado de Inmigración o Asistencia Legal Gratuita | CaseWhy,tú,SEO title tag,Imperative 'Encuentra' informal; usted = 'Encuentre un Abogado...'
R79 — Get Help hub,Metadata description,"Free directory of immigration attorneys, accredited representatives, legal aid organizations, and more — no fees, no ads, no sign-in required.","Directorio gratuito de abogados de inmigración, representantes acreditados, organizaciones de asistencia legal y más — sin cuotas, sin anuncios, sin necesidad de iniciar sesión.",neutral,SEO meta description,
R79 — Get Help hub,Language switcher (on EN page),Español,Español,neutral,Single-line link,
R79 — Get Help hub,H1,Get help,Obtener ayuda,neutral,,
R79 — Get Help hub,Intro paragraph 1,"CaseWhy gives you plain-language information, not legal advice. When your situation needs a licensed professional's judgment, here's where to find one.","CaseWhy te da información en lenguaje sencillo, no asesoría legal. Cuando tu situación necesita el criterio de un profesional con licencia, aquí es donde encontrar uno.",tú,,'te da' / 'tu situación' informal.
R79 — Get Help hub,Intro paragraph 2 (disclaimer),"This page is an informational list, not an endorsement or a referral service. CaseWhy doesn't vouch for outcomes, and being listed here doesn't mean any listing is right for your specific situation.","Esta página es una lista informativa, no un aval ni un servicio de referencia. CaseWhy no garantiza resultados, y aparecer aquí no significa que ese listado sea adecuado para tu situación específica.",tú,,'tu situación específica' informal.
R79 — Get Help hub,Intro paragraph 3 (free line),"Every resource here is free to use, always — no fees, no ads, no hidden cost. Same as the rest of CaseWhy: we don't sell your data or run ads either.","Cada recurso aquí es gratuito para usar, siempre — sin cuotas, sin anuncios, sin costo oculto. Igual que el resto de CaseWhy: tampoco vendemos tus datos ni mostramos anuncios.",tú,,'tus datos' informal.
R79 — Get Help hub,Entity card: Attorneys,"Attorneys / Licensed immigration attorneys who can represent you and give advice specific to your case. / You want a licensed professional who can formally represent you, sign filings on your behalf, or appear in immigration court for you.","Abogados / Abogados con licencia de inmigración que pueden representarte y darte asesoría específica para tu caso. / Quieres un profesional con licencia que pueda representarte formalmente, firmar documentos en tu nombre, o comparecer en la corte de inmigración por ti.",tú,"Card, 2-3 lines",'representarte' / 'darte' / 'tu caso' / 'Quieres' / 'tu nombre' / 'por ti' pervasive tú.
R79 — Get Help hub,Entity card: Accredited representatives,"Accredited representatives / DOJ-accredited, non-lawyer representatives — often at nonprofits — authorized to practice immigration law. / You want professional legal help but a private attorney's fees are out of reach, or you'd rather work with a nonprofit.","Representantes acreditados / Representantes acreditados por el DOJ, sin ser abogados — a menudo en organizaciones sin fines de lucro — autorizados a practicar leyes de inmigración. / Quieres ayuda legal profesional pero los honorarios de un abogado privado están fuera de tu alcance, o prefieres trabajar con una organización sin fines de lucro.",tú,"Card, 2-3 lines",'Quieres' / 'tu alcance' / 'prefieres' informal.
R79 — Get Help hub,Entity card: Legal aid,Legal aid & nonprofit organizations / Immigration help for those who can't afford a private attorney. / You need general guidance or a consultation and have limited income.,Asistencia legal y organizaciones sin fines de lucro / Ayuda de inmigración para quienes no pueden pagar un abogado privado. / Necesitas orientación general o una consulta y tienes ingresos limitados.,tú,"Card, 2-3 lines",'Necesitas' / 'tienes' informal.
R79 — Get Help hub,Entity card: Pro bono representation,"Pro bono immigration-court representation / Free representation in immigration court proceedings, organized by court. / You're in immigration court / removal proceedings right now and need representation there, at no cost.","Representación gratuita en la corte de inmigración / Representación gratuita en procesos ante la corte de inmigración, organizada por corte. / Estás en la corte de inmigración / procesos de deportación ahora mismo y necesitas representación ahí, sin costo.",tú,"Card, 2-3 lines",'Estás' / 'necesitas' informal.
R79 — Get Help hub,Entity card: DSO,"University international student offices / Find your school's international student office, for F-1/M-1 status questions. / You're an F-1/M-1 international student with a status or SEVIS question tied to your school.","Oficinas internacionales de universidades / Encuentra la oficina de estudiantes internacionales de tu escuela, para preguntas de estatus F-1/M-1. / Eres un estudiante internacional F-1/M-1 con una pregunta de estatus o SEVIS relacionada con tu escuela.",tú,"Card, 2-3 lines",Imperative 'Encuentra' + 'tu escuela' + 'Eres' informal.
R79 — Get Help hub,Entity card: Community orgs,"Community & cultural organizations / Local and cultural organizations that support immigrants. / You want local, culturally or linguistically matched support — not necessarily legal help.","Organizaciones comunitarias y culturales / Organizaciones locales y culturales que apoyan a los inmigrantes. / Quieres apoyo local, con coincidencia cultural o lingüística — no necesariamente ayuda legal.",tú,"Card, 2-3 lines",'Quieres' informal.
R79 — Get Help hub,Entity card: Employers (coming soon),For employers / Sponsoring or supporting employees through the immigration process.,Para empleadores / Patrocinando o apoyando a empleados a través del proceso de inmigración.,neutral,"Card, 2-3 lines",
R79 — Get Help hub,'Use this when:' prefix,Use this when:,Usa esto cuando:,tú,Inline label prefix,Imperative 'Usa' informal; usted = 'Use esto cuando:'
R79 — Get Help hub,'Coming soon' badge,Coming soon,Próximamente,neutral,"Badge, short",
R79 — Get Help chooser (GetHelpChooserEs.tsx),Card heading,Not sure which one you need?,¿No estás seguro de cuál necesitas?,tú,,'estás' / 'necesitas' informal; usted = '¿No está seguro de cuál necesita?'
R79 — Get Help chooser (GetHelpChooserEs.tsx),Card subheading,"Answer a couple of questions, or describe your situation below.",Responde un par de preguntas.,tú,Shortened vs. English — see note,"Deliberately omits '...or describe your situation below' — that free-text box routes through routeVisitorQuery() (AI classification, Track 2), out of this round's scope, so the Spanish chooser only offers the fixed-question path. Imperative 'Responde' informal."
R79 — Get Help chooser (GetHelpChooserEs.tsx),Q1 prompt,What's going on right now?,¿Qué está pasando ahora mismo?,neutral,,
R79 — Get Help chooser (GetHelpChooserEs.tsx),Q1 choice 1,"I don't understand something about my case, a status, or a term I saw","No entiendo algo sobre mi caso, un estado, o un término que vi",neutral,Button label,"1st-person statement, no tú/usted marker."
R79 — Get Help chooser (GetHelpChooserEs.tsx),Q1 choice 2,I'm in immigration court / removal (deportation) proceedings,Estoy en la corte de inmigración / procesos de deportación,neutral,Button label,1st person.
R79 — Get Help chooser (GetHelpChooserEs.tsx),Q1 choice 3,I have a pending case/application and want legal advice,Tengo un caso/solicitud pendiente y quiero asesoría legal,neutral,Button label,1st person.
R79 — Get Help chooser (GetHelpChooserEs.tsx),Q1 choice 4,"I need general or community support, not necessarily legal","Necesito apoyo general o comunitario, no necesariamente legal",neutral,Button label,1st person.
R79 — Get Help chooser (GetHelpChooserEs.tsx),Q1 choice 5,I'm an F-1/M-1 international student with a school question,Soy estudiante internacional F-1/M-1 con una pregunta de mi escuela,neutral,Button label,1st person.
R79 — Get Help chooser (GetHelpChooserEs.tsx),Q1 choice 6,I'm an employer,Soy un empleador,neutral,Button label,1st person.
R79 — Get Help chooser (GetHelpChooserEs.tsx),Q2 prompt,Can you pay for a private attorney?,¿Puedes pagar un abogado privado?,tú,,'Puedes' informal; usted = '¿Puede pagar un abogado privado?'
R79 — Get Help chooser (GetHelpChooserEs.tsx),Q2 choice 1,"Yes, I can pay for a private attorney","Sí, puedo pagar un abogado privado",neutral,Button label,1st person.
R79 — Get Help chooser (GetHelpChooserEs.tsx),Q2 choice 2,"No, or I'm not sure","No, o no estoy seguro",neutral,Button label,1st person.
R79 — Get Help chooser (GetHelpChooserEs.tsx),Q3 prompt,"Legal guidance on a low income, or general community support?","¿Orientación legal con bajos ingresos, o apoyo comunitario general?",neutral,,
R79 — Get Help chooser (GetHelpChooserEs.tsx),Q3 choice 1,Legal guidance on a low income,Orientación legal con bajos ingresos,neutral,Button label,
R79 — Get Help chooser (GetHelpChooserEs.tsx),Q3 choice 2,"General community support (translation, cultural navigation, referrals)","Apoyo comunitario general (traducción, orientación cultural, referencias)",neutral,Button label,
R79 — Get Help chooser (GetHelpChooserEs.tsx),Outcome card: Ask CaseWhy — title,Ask CaseWhy,Pregúntale a CaseWhy,tú,Card heading,Imperative 'Pregúntale' informal; usted = 'Pregúntele a CaseWhy.'
R79 — Get Help chooser (GetHelpChooserEs.tsx),Outcome card: Ask CaseWhy — body,"Ask a free general question right now — no sign-in required. Grounded in CaseWhy's own USCIS policy knowledge base, not your specific case.","Haz una pregunta general gratis ahora mismo — no necesitas iniciar sesión. Basado en la propia base de conocimiento de políticas de USCIS de CaseWhy, no en tu caso específico. (Esta herramienta responde en inglés.)",tú,AI surface itself stays English,'Haz' imperative / 'necesitas' / 'tu caso' informal. '(Esta herramienta responde en inglés.)' caveat added since /get-help/ask (Track 2) isn't translated.
R79 — Get Help chooser (GetHelpChooserEs.tsx),Outcome card: Ask CaseWhy — link,Ask a question →,Hacer una pregunta →,neutral,"Link, short",
R79 — Get Help chooser (GetHelpChooserEs.tsx),'Start over' button,Start over,Empezar de nuevo,neutral,"Button, short",
R79 — Get Help chooser (GetHelpChooserEs.tsx),"'Not sure, or want to see everything?' link","Not sure which one fits — take a look at the full list below. / Not sure, or want to see everything?","¿No estás seguro, o quieres ver todo?",tú,"Link, short (appears in both the question step and the result step)","'estás' / 'quieres' informal; usted = '¿No está seguro, o quiere ver todo?'"
R79 — Attorneys list,Metadata title,Find an Immigration Attorney | CaseWhy,Encuentra un Abogado de Inmigración | CaseWhy,tú,SEO title tag,"Imperative 'Encuentra' informal, same pattern as the H1 (pro-bono-representation's title uses the noun 'Representación' instead, no imperative verb)."
R79 — Attorneys list,Language switcher (on EN page),Español,Español,neutral,Single-line link,
R79 — Attorneys list,Language switcher (on ES page),English,English,neutral,Single-line link,
R79 — Attorneys list,H1,Find an attorney,Encuentra un abogado,tú,,
R79 — Attorneys list,Intro paragraph,"Immigration attorneys — board-certified specialists sourced from official state bar records, plus self-enrolled listings — for anything CaseWhy tells you needs a licensed professional's judgment rather than general information.","Abogados de inmigración — especialistas certificados obtenidos de registros oficiales de colegios de abogados estatales, más listados de auto-inscripción — para cualquier cosa que CaseWhy te indique que necesita el criterio de un profesional con licencia.",tú,,H1 imperative 'Encuentra' + intro 'te indique' are informal (tú); disclaimer's 'confirma tú mismo' is an explicit tú-marked phrase; bottom CTA '¿Eres...?' is tú.
R79 — Attorneys list,Disclaimer box,"This directory is for informational purposes only. It does not constitute a lawyer referral service, and listing does not imply an endorsement or recommendation by this platform. Always confirm an attorney's current bar standing yourself before hiring anyone.","Este directorio es solo para fines informativos. No constituye un servicio de referencia de abogados, y aparecer en la lista no implica un aval o recomendación por parte de esta plataforma. Siempre confirma tú mismo la vigencia actual de la licencia de un abogado antes de contratar a alguien.",tú,,
R79 — Attorneys list,Free-to-browse line,"Free to browse, always — no fees, no ads, no sign-in required.","Gratis para explorar, siempre — sin cuotas, sin anuncios, sin necesidad de iniciar sesión.",neutral,"Small print, shared verbatim across all 6 entity pages",
R79 — Attorneys list,Empty-state message,"We're still building this list out — check back soon. In the meantime, the American Immigration Lawyers Association keeps a searchable directory of its own members.","Todavía estamos construyendo esta lista — vuelve pronto. Mientras tanto, la American Immigration Lawyers Association mantiene un directorio buscable de sus propios miembros. (en inglés)",neutral,Dormant — only renders when the directory has zero entries; currently always populated with real data,
R79 — Attorneys list,StateFilter: filter-by-state label,Filter by state,Filtrar por estado,neutral,"Dropdown label, single line","Identical string reused across all 6 entity pages via the StateFilter component's optional prop — a future wording change needs editing in 6 files, not 1."
R79 — Attorneys list,StateFilter: all-states label,All states,Todos los estados,neutral,"Dropdown option, count appended by the component",Same 6x-duplication note as filter-by-state label.
R79 — Attorneys list,StateFilter: none-yet label,(none yet),(ninguno aún),neutral,Per-state dropdown option suffix,Same 6x-duplication note.
R79 — Attorneys list,StateFilter: search placeholder,"Search by name, organization, or city","Buscar por nombre, organización, o ciudad",neutral,"Input placeholder, single line",Same 6x-duplication note.
R79 — Attorneys list,StateFilter: empty-results message,"(page-specific, e.g. 'No attorneys match.')",(page-specific — see Notes),neutral,Shown when a filter/search yields zero results,Exact per-page string: EN 'No attorneys match.' / 'No accredited representatives match.' / 'No legal aid organizations match.' / 'No schools match.' / 'No organizations match.' (community-orgs) / 'No organizations match.' (pro-bono) — ES 'Ningún abogado coincide.' / 'Ningún representante acreditado coincide.' / 'Ninguna organización de asistencia legal coincide.' / 'Ninguna escuela coincide.' / 'Ninguna organización coincide.' / 'Ninguna organización coincide.' Consolidated into one row per page to avoid 6 near-identical rows; verify each page's exact wording directly in its own StateFilter emptyMessage prop.
R79 — Attorneys list,ReportListingLink: trigger,See something wrong with this listing? Report it,¿Ves algo incorrecto en este listado? Repórtalo,tú,"Link, single line","Imperative 'Repórtalo' informal; identical string re-typed as a labels prop on all 6 pages (not shared via one constant) — a future wording change needs editing in 6 files, not 1."
R79 — Attorneys list,ReportListingLink: success,Thanks — we'll take a look.,Gracias — lo revisaremos.,neutral,Inline confirmation,Identical across pages that override labels.
R79 — Attorneys list,ReportListingLink: what's-wrong label,What's wrong with this listing?,¿Qué está mal en este listado?,neutral,Form field label,Identical across pages that override labels.
R79 — Attorneys list,ReportListingLink: what's-wrong placeholder,"e.g. phone number is disconnected, no longer at this address, organization closed","ej. el teléfono está desconectado, ya no está en esta dirección, la organización cerró",neutral,Input placeholder,Identical across pages that override labels.
R79 — Attorneys list,ReportListingLink: email label,"Your email (optional, if you'd like a reply)","Tu correo (opcional, si quieres una respuesta)",tú,Form field label,'Tu correo' / 'quieres' informal; identical across pages that override labels.
R79 — Attorneys list,ReportListingLink: sending state,Sending…,Enviando…,neutral,"Button label, transient",Identical across pages that override labels.
R79 — Attorneys list,ReportListingLink: send button,Send report,Enviar reporte,neutral,"Button, short",Identical across pages that override labels.
R79 — Attorneys list,ReportListingLink: cancel button,Cancel,Cancelar,neutral,"Button, short",Identical across pages that override labels.
R79 — Attorneys list,ReportListingLink: default error,Something went wrong. Please try again.,Algo salió mal. Por favor intenta de nuevo.,tú,Inline error text,'intenta' informal (usted = 'intente'); identical across pages that override labels.
R79 — Attorneys list,Bottom CTA paragraph,"Licensed immigration attorney? Apply to be listed — free, no cost to join.","¿Eres un abogado de inmigración con licencia? Solicita ser listado — gratis, sin costo de inscripción. (Formulario en inglés.)",tú,Free-form join-CTA line; join form itself stays English,H1 imperative 'Encuentra' + intro 'te indique' are informal (tú); disclaimer's 'confirma tú mismo' is an explicit tú-marked phrase; bottom CTA '¿Eres...?' is tú.
R79 — Accredited Representatives list,Metadata title,Find a DOJ-Accredited Representative | CaseWhy,Encuentra un Representante Acreditado por el DOJ | CaseWhy,tú,SEO title tag,"Imperative 'Encuentra' informal, same pattern as the H1 (pro-bono-representation's title uses the noun 'Representación' instead, no imperative verb)."
R79 — Accredited Representatives list,Language switcher (on EN page),Español,Español,neutral,Single-line link,
R79 — Accredited Representatives list,Language switcher (on ES page),English,English,neutral,Single-line link,
R79 — Accredited Representatives list,H1,Find an accredited representative,Encuentra un representante acreditado,tú,,
R79 — Accredited Representatives list,Intro paragraph,"DOJ-accredited representatives — non-lawyers authorized to practice immigration law, typically at nonprofit organizations. Sourced from DOJ's own public roster, nationwide.","Representantes acreditados por el DOJ — no abogados autorizados a practicar leyes de inmigración, típicamente en organizaciones sin fines de lucro. Obtenido del propio registro público del DOJ, a nivel nacional.",neutral,,H1 imperative 'Encuentra' informal; disclaimer's 'confirma tú mismo' explicit tú; bottom CTA '¿Representas...?' tú.
R79 — Accredited Representatives list,Disclaimer box,"This directory is for informational purposes only. It does not constitute a referral service, and listing does not imply an endorsement or recommendation by this platform. Always confirm a representative's current DOJ accreditation yourself before relying on anyone.","Este directorio es solo para fines informativos. No constituye un servicio de referencia, y aparecer en la lista no implica un aval o recomendación por parte de esta plataforma. Siempre confirma tú mismo la acreditación vigente ante el DOJ de un representante antes de confiar en alguien.",tú,,
R79 — Accredited Representatives list,Free-to-browse line,"Free to browse, always — no fees, no ads, no sign-in required.","Gratis para explorar, siempre — sin cuotas, sin anuncios, sin necesidad de iniciar sesión.",neutral,"Small print, shared verbatim across all 6 entity pages",
R79 — Accredited Representatives list,Empty-state message,"We're still building this list out — check back soon. In the meantime, the Department of Justice publishes its own Recognized Organizations and Accredited Representatives roster.","Todavía estamos construyendo esta lista — vuelve pronto. Mientras tanto, el Departamento de Justicia publica su propio registro de Organizaciones Reconocidas y Representantes Acreditados. (en inglés)",neutral,Dormant — only renders when the directory has zero entries; currently always populated with real data,
R79 — Accredited Representatives list,StateFilter: filter-by-state label,Filter by state,Filtrar por estado,neutral,"Dropdown label, single line","Identical string reused across all 6 entity pages via the StateFilter component's optional prop — a future wording change needs editing in 6 files, not 1."
R79 — Accredited Representatives list,StateFilter: all-states label,All states,Todos los estados,neutral,"Dropdown option, count appended by the component",Same 6x-duplication note as filter-by-state label.
R79 — Accredited Representatives list,StateFilter: none-yet label,(none yet),(ninguno aún),neutral,Per-state dropdown option suffix,Same 6x-duplication note.
R79 — Accredited Representatives list,StateFilter: search placeholder,"Search by name, organization, or city","Buscar por nombre, organización, o ciudad",neutral,"Input placeholder, single line",Same 6x-duplication note.
R79 — Accredited Representatives list,StateFilter: empty-results message,"(page-specific, e.g. 'No accredited representatives match.')",(page-specific — see Notes),neutral,Shown when a filter/search yields zero results,Exact per-page string: EN 'No attorneys match.' / 'No accredited representatives match.' / 'No legal aid organizations match.' / 'No schools match.' / 'No organizations match.' (community-orgs) / 'No organizations match.' (pro-bono) — ES 'Ningún abogado coincide.' / 'Ningún representante acreditado coincide.' / 'Ninguna organización de asistencia legal coincide.' / 'Ninguna escuela coincide.' / 'Ninguna organización coincide.' / 'Ninguna organización coincide.' Consolidated into one row per page to avoid 6 near-identical rows; verify each page's exact wording directly in its own StateFilter emptyMessage prop.
R79 — Accredited Representatives list,ReportListingLink: trigger,See something wrong with this listing? Report it,¿Ves algo incorrecto en este listado? Repórtalo,tú,"Link, single line","Imperative 'Repórtalo' informal; identical string re-typed as a labels prop on all 6 pages (not shared via one constant) — a future wording change needs editing in 6 files, not 1."
R79 — Accredited Representatives list,ReportListingLink: success,Thanks — we'll take a look.,Gracias — lo revisaremos.,neutral,Inline confirmation,Identical across pages that override labels.
R79 — Accredited Representatives list,ReportListingLink: what's-wrong label,What's wrong with this listing?,¿Qué está mal en este listado?,neutral,Form field label,Identical across pages that override labels.
R79 — Accredited Representatives list,ReportListingLink: what's-wrong placeholder,"e.g. phone number is disconnected, no longer at this address, organization closed","ej. el teléfono está desconectado, ya no está en esta dirección, la organización cerró",neutral,Input placeholder,Identical across pages that override labels.
R79 — Accredited Representatives list,ReportListingLink: email label,"Your email (optional, if you'd like a reply)","Tu correo (opcional, si quieres una respuesta)",tú,Form field label,'Tu correo' / 'quieres' informal; identical across pages that override labels.
R79 — Accredited Representatives list,ReportListingLink: sending state,Sending…,Enviando…,neutral,"Button label, transient",Identical across pages that override labels.
R79 — Accredited Representatives list,ReportListingLink: send button,Send report,Enviar reporte,neutral,"Button, short",Identical across pages that override labels.
R79 — Accredited Representatives list,ReportListingLink: cancel button,Cancel,Cancelar,neutral,"Button, short",Identical across pages that override labels.
R79 — Accredited Representatives list,ReportListingLink: default error,Something went wrong. Please try again.,Algo salió mal. Por favor intenta de nuevo.,tú,Inline error text,'intenta' informal (usted = 'intente'); identical across pages that override labels.
R79 — Accredited Representatives list,Bottom CTA paragraph,"Represent a nonprofit with DOJ-accredited staff? Apply to be listed — free, no cost to join.","¿Representas a una organización sin fines de lucro con personal acreditado por el DOJ? Solicita ser listado — gratis, sin costo de inscripción. (Formulario en inglés.)",tú,Free-form join-CTA line; join form itself stays English,H1 imperative 'Encuentra' informal; disclaimer's 'confirma tú mismo' explicit tú; bottom CTA '¿Representas...?' tú.
R79 — Legal Aid list,Metadata title,Find Free & Low-Cost Immigration Legal Aid | CaseWhy,Encuentra Asistencia Legal de Inmigración Gratuita o de Bajo Costo | CaseWhy,tú,SEO title tag,"Imperative 'Encuentra' informal, same pattern as the H1 (pro-bono-representation's title uses the noun 'Representación' instead, no imperative verb)."
R79 — Legal Aid list,Language switcher (on EN page),Español,Español,neutral,Single-line link,
R79 — Legal Aid list,Language switcher (on ES page),English,English,neutral,Single-line link,
R79 — Legal Aid list,H1,Find a legal aid organization,Encuentra una organización de asistencia legal,tú,,
R79 — Legal Aid list,Intro paragraph,"Nonprofit organizations recognized by the DOJ to provide immigration legal help, often at low or no cost. Sourced from DOJ's own public roster, nationwide.","Organizaciones sin fines de lucro reconocidas por el DOJ para brindar ayuda legal de inmigración, a menudo con bajo o ningún costo. Obtenido del propio registro público del DOJ, a nivel nacional.",neutral,,"H1 imperative 'Encuentra' informal; disclaimer here uses the impersonal 'confirma...directamente' (no explicit tú/usted subject pronoun, but the bare imperative 'confirma' is itself the tú-conjugated form — usted would be 'confirme'); bottom CTA '¿Diriges...?' tú."
R79 — Legal Aid list,Disclaimer box,"This directory is for informational purposes only. It does not constitute a referral service, and listing does not imply an endorsement or recommendation by this platform. Always confirm current details (services, service area, contact info) directly with the organization before relying on anyone.","Este directorio es solo para fines informativos. No constituye un servicio de referencia, y aparecer en la lista no implica un aval o recomendación por parte de esta plataforma. Siempre confirma los detalles actuales (servicios, área de servicio, información de contacto) directamente con la organización antes de confiar en alguien.",tú,,
R79 — Legal Aid list,Free-to-browse line,"Free to browse, always — no fees, no ads, no sign-in required.","Gratis para explorar, siempre — sin cuotas, sin anuncios, sin necesidad de iniciar sesión.",neutral,"Small print, shared verbatim across all 6 entity pages",
R79 — Legal Aid list,Empty-state message,"We're still building this list out — check back soon. In the meantime, the Department of Justice publishes its own Recognized Organizations and Accredited Representatives roster.","Todavía estamos construyendo esta lista — vuelve pronto. Mientras tanto, el Departamento de Justicia publica su propio registro de Organizaciones Reconocidas y Representantes Acreditados. (en inglés)",neutral,Dormant — only renders when the directory has zero entries; currently always populated with real data,
R79 — Legal Aid list,StateFilter: filter-by-state label,Filter by state,Filtrar por estado,neutral,"Dropdown label, single line","Identical string reused across all 6 entity pages via the StateFilter component's optional prop — a future wording change needs editing in 6 files, not 1."
R79 — Legal Aid list,StateFilter: all-states label,All states,Todos los estados,neutral,"Dropdown option, count appended by the component",Same 6x-duplication note as filter-by-state label.
R79 — Legal Aid list,StateFilter: none-yet label,(none yet),(ninguno aún),neutral,Per-state dropdown option suffix,Same 6x-duplication note.
R79 — Legal Aid list,StateFilter: search placeholder,"Search by name, organization, or city","Buscar por nombre, organización, o ciudad",neutral,"Input placeholder, single line",Same 6x-duplication note.
R79 — Legal Aid list,StateFilter: empty-results message,"(page-specific, e.g. 'No legal aid match.')",(page-specific — see Notes),neutral,Shown when a filter/search yields zero results,Exact per-page string: EN 'No attorneys match.' / 'No accredited representatives match.' / 'No legal aid organizations match.' / 'No schools match.' / 'No organizations match.' (community-orgs) / 'No organizations match.' (pro-bono) — ES 'Ningún abogado coincide.' / 'Ningún representante acreditado coincide.' / 'Ninguna organización de asistencia legal coincide.' / 'Ninguna escuela coincide.' / 'Ninguna organización coincide.' / 'Ninguna organización coincide.' Consolidated into one row per page to avoid 6 near-identical rows; verify each page's exact wording directly in its own StateFilter emptyMessage prop.
R79 — Legal Aid list,ReportListingLink: trigger,See something wrong with this listing? Report it,¿Ves algo incorrecto en este listado? Repórtalo,tú,"Link, single line","Imperative 'Repórtalo' informal; identical string re-typed as a labels prop on all 6 pages (not shared via one constant) — a future wording change needs editing in 6 files, not 1."
R79 — Legal Aid list,ReportListingLink: success,Thanks — we'll take a look.,Gracias — lo revisaremos.,neutral,Inline confirmation,Identical across pages that override labels.
R79 — Legal Aid list,ReportListingLink: what's-wrong label,What's wrong with this listing?,¿Qué está mal en este listado?,neutral,Form field label,Identical across pages that override labels.
R79 — Legal Aid list,ReportListingLink: what's-wrong placeholder,"e.g. phone number is disconnected, no longer at this address, organization closed","ej. el teléfono está desconectado, ya no está en esta dirección, la organización cerró",neutral,Input placeholder,Identical across pages that override labels.
R79 — Legal Aid list,ReportListingLink: email label,"Your email (optional, if you'd like a reply)","Tu correo (opcional, si quieres una respuesta)",tú,Form field label,'Tu correo' / 'quieres' informal; identical across pages that override labels.
R79 — Legal Aid list,ReportListingLink: sending state,Sending…,Enviando…,neutral,"Button label, transient",Identical across pages that override labels.
R79 — Legal Aid list,ReportListingLink: send button,Send report,Enviar reporte,neutral,"Button, short",Identical across pages that override labels.
R79 — Legal Aid list,ReportListingLink: cancel button,Cancel,Cancelar,neutral,"Button, short",Identical across pages that override labels.
R79 — Legal Aid list,ReportListingLink: default error,Something went wrong. Please try again.,Algo salió mal. Por favor intenta de nuevo.,tú,Inline error text,'intenta' informal (usted = 'intente'); identical across pages that override labels.
R79 — Legal Aid list,Bottom CTA paragraph,"Run a nonprofit providing immigration legal help? Apply to be listed — free, no cost to join.","¿Diriges una organización sin fines de lucro que brinda ayuda legal de inmigración? Solicita ser listado — gratis, sin costo de inscripción. (Formulario en inglés.)",tú,Free-form join-CTA line; join form itself stays English,"H1 imperative 'Encuentra' informal; disclaimer here uses the impersonal 'confirma...directamente' (no explicit tú/usted subject pronoun, but the bare imperative 'confirma' is itself the tú-conjugated form — usted would be 'confirme'); bottom CTA '¿Diriges...?' tú."
R79 — DSO list,Metadata title,Find Your School's International Student Office (DSO) | CaseWhy,Encuentra la Oficina Internacional de tu Universidad (DSO) | CaseWhy,tú,SEO title tag,"Imperative 'Encuentra' informal, same pattern as the H1 (pro-bono-representation's title uses the noun 'Representación' instead, no imperative verb)."
R79 — DSO list,Language switcher (on EN page),Español,Español,neutral,Single-line link,
R79 — DSO list,Language switcher (on ES page),English,English,neutral,Single-line link,
R79 — DSO list,H1,Find your school's international office,Encuentra la oficina internacional de tu escuela,tú,,
R79 — DSO list,Intro paragraph,"SEVP-certified schools authorized to enroll F-1/M-1 international students, sourced from DHS's own official school directory. DHS doesn't publish a Designated School Official's name or contact info for any school — this links out to each school so you can reach its international student office directly.","Escuelas certificadas por SEVP autorizadas para inscribir estudiantes internacionales F-1/M-1, obtenido del propio directorio oficial de escuelas del DHS. El DHS no publica el nombre ni la información de contacto de un Funcionario Escolar Designado (DSO) para ninguna escuela — esto te dirige a cada escuela para que puedas contactar directamente a su oficina de estudiantes internacionales.",tú,,H1 'Encuentra...tu escuela' + intro 'te dirige'/'puedas' + bottom CTA '¿Eres...?'/'Agrega tu información' all informal tú; also the H1's title-case English 'DSO' abbreviation stays untranslated (proper noun/initialism).
R79 — DSO list,Disclaimer box,"This directory is for informational purposes only. It does not constitute a referral service, and listing does not imply an endorsement or recommendation by this platform. Always confirm current details directly with the school before relying on anyone.","Este directorio es solo para fines informativos. No constituye un servicio de referencia, y aparecer en la lista no implica un aval o recomendación por parte de esta plataforma. Siempre confirma los detalles actuales directamente con la escuela antes de confiar en alguien.",tú,,
R79 — DSO list,Free-to-browse line,"Free to browse, always — no fees, no ads, no sign-in required.","Gratis para explorar, siempre — sin cuotas, sin anuncios, sin necesidad de iniciar sesión.",neutral,"Small print, shared verbatim across all 6 entity pages",
R79 — DSO list,Empty-state message,"We're still building this list out — check back soon. In the meantime, DHS publishes its own School Search tool.","Todavía estamos construyendo esta lista — vuelve pronto. Mientras tanto, el DHS publica su propia herramienta de Búsqueda de Escuelas. (en inglés)",neutral,Dormant — only renders when the directory has zero entries; currently always populated with real data,
R79 — DSO list,StateFilter: filter-by-state label,Filter by state,Filtrar por estado,neutral,"Dropdown label, single line","Identical string reused across all 6 entity pages via the StateFilter component's optional prop — a future wording change needs editing in 6 files, not 1."
R79 — DSO list,StateFilter: all-states label,All states,Todos los estados,neutral,"Dropdown option, count appended by the component",Same 6x-duplication note as filter-by-state label.
R79 — DSO list,StateFilter: none-yet label,(none yet),(ninguno aún),neutral,Per-state dropdown option suffix,Same 6x-duplication note.
R79 — DSO list,StateFilter: search placeholder,"Search by name, organization, or city","Buscar por nombre, organización, o ciudad",neutral,"Input placeholder, single line",Same 6x-duplication note.
R79 — DSO list,StateFilter: empty-results message,"(page-specific, e.g. 'No dso match.')",(page-specific — see Notes),neutral,Shown when a filter/search yields zero results,Exact per-page string: EN 'No attorneys match.' / 'No accredited representatives match.' / 'No legal aid organizations match.' / 'No schools match.' / 'No organizations match.' (community-orgs) / 'No organizations match.' (pro-bono) — ES 'Ningún abogado coincide.' / 'Ningún representante acreditado coincide.' / 'Ninguna organización de asistencia legal coincide.' / 'Ninguna escuela coincide.' / 'Ninguna organización coincide.' / 'Ninguna organización coincide.' Consolidated into one row per page to avoid 6 near-identical rows; verify each page's exact wording directly in its own StateFilter emptyMessage prop.
R79 — DSO list,ReportListingLink: trigger,See something wrong with this listing? Report it,¿Ves algo incorrecto en este listado? Repórtalo,tú,"Link, single line","Imperative 'Repórtalo' informal; identical string re-typed as a labels prop on all 6 pages (not shared via one constant) — a future wording change needs editing in 6 files, not 1."
R79 — DSO list,ReportListingLink: success,Thanks — we'll take a look.,Gracias — lo revisaremos.,neutral,Inline confirmation,Identical across pages that override labels.
R79 — DSO list,ReportListingLink: what's-wrong label,What's wrong with this listing?,¿Qué está mal en este listado?,neutral,Form field label,Identical across pages that override labels.
R79 — DSO list,ReportListingLink: what's-wrong placeholder,"e.g. phone number is disconnected, no longer at this address, organization closed","ej. el teléfono está desconectado, ya no está en esta dirección, la organización cerró",neutral,Input placeholder,Identical across pages that override labels.
R79 — DSO list,ReportListingLink: email label,"Your email (optional, if you'd like a reply)","Tu correo (opcional, si quieres una respuesta)",tú,Form field label,'Tu correo' / 'quieres' informal; identical across pages that override labels.
R79 — DSO list,ReportListingLink: sending state,Sending…,Enviando…,neutral,"Button label, transient",Identical across pages that override labels.
R79 — DSO list,ReportListingLink: send button,Send report,Enviar reporte,neutral,"Button, short",Identical across pages that override labels.
R79 — DSO list,ReportListingLink: cancel button,Cancel,Cancelar,neutral,"Button, short",Identical across pages that override labels.
R79 — DSO list,ReportListingLink: default error,Something went wrong. Please try again.,Algo salió mal. Por favor intenta de nuevo.,tú,Inline error text,'intenta' informal (usted = 'intente'); identical across pages that override labels.
R79 — DSO list,Bottom CTA paragraph,"A Designated School Official? Add your contact info — free, no cost to join.","¿Eres un Funcionario Escolar Designado? Agrega tu información de contacto — gratis, sin costo de inscripción. (Formulario en inglés.)",tú,Free-form join-CTA line; join form itself stays English,H1 'Encuentra...tu escuela' + intro 'te dirige'/'puedas' + bottom CTA '¿Eres...?'/'Agrega tu información' all informal tú; also the H1's title-case English 'DSO' abbreviation stays untranslated (proper noun/initialism).
R79 — Community Orgs list,Metadata title,Find a Community or Cultural Organization | CaseWhy,Encuentra una Organización Comunitaria o Cultural | CaseWhy,tú,SEO title tag,"Imperative 'Encuentra' informal, same pattern as the H1 (pro-bono-representation's title uses the noun 'Representación' instead, no imperative verb)."
R79 — Community Orgs list,Language switcher (on EN page),Español,Español,neutral,Single-line link,
R79 — Community Orgs list,Language switcher (on ES page),English,English,neutral,Single-line link,
R79 — Community Orgs list,H1,Find a community or cultural organization,Encuentra una organización comunitaria o cultural,tú,,
R79 — Community Orgs list,Intro paragraph,Community and cultural organizations that have received a federal USCIS grant specifically for citizenship instruction and naturalization help. This reflects organizations that won this specific grant — not all community organizations serving immigrants.,Organizaciones comunitarias y culturales que han recibido una subvención federal de USCIS específicamente para instrucción cívica y ayuda de naturalización. Esto refleja organizaciones que ganaron esta subvención específica — no todas las organizaciones comunitarias que sirven a inmigrantes.,neutral,,H1 'Encuentra' + bottom CTA '¿Diriges...?' tú; body paragraph itself has no direct-address verb (3rd person description).
R79 — Community Orgs list,Disclaimer box,"This directory is for informational purposes only. It does not constitute a referral service, and listing does not imply an endorsement or recommendation by this platform. Always confirm current details directly with the organization before relying on anyone.","Este directorio es solo para fines informativos. No constituye un servicio de referencia, y aparecer en la lista no implica un aval o recomendación por parte de esta plataforma. Siempre confirma los detalles actuales directamente con la organización antes de confiar en alguien.",neutral,,
R79 — Community Orgs list,Free-to-browse line,"Free to browse, always — no fees, no ads, no sign-in required.","Gratis para explorar, siempre — sin cuotas, sin anuncios, sin necesidad de iniciar sesión.",neutral,"Small print, shared verbatim across all 6 entity pages",
R79 — Community Orgs list,Empty-state message,"We're still building this list out — check back soon. In the meantime, USCIS publishes its own Citizenship and Integration Grant Program recipient records.","Todavía estamos construyendo esta lista — vuelve pronto. Mientras tanto, USCIS publica sus propios registros de beneficiarios del Programa de Subvenciones de Ciudadanía e Integración. (en inglés)",neutral,Dormant — only renders when the directory has zero entries; currently always populated with real data,
R79 — Community Orgs list,StateFilter: filter-by-state label,Filter by state,Filtrar por estado,neutral,"Dropdown label, single line","Identical string reused across all 6 entity pages via the StateFilter component's optional prop — a future wording change needs editing in 6 files, not 1."
R79 — Community Orgs list,StateFilter: all-states label,All states,Todos los estados,neutral,"Dropdown option, count appended by the component",Same 6x-duplication note as filter-by-state label.
R79 — Community Orgs list,StateFilter: none-yet label,(none yet),(ninguno aún),neutral,Per-state dropdown option suffix,Same 6x-duplication note.
R79 — Community Orgs list,StateFilter: search placeholder,"Search by name, organization, or city","Buscar por nombre, organización, o ciudad",neutral,"Input placeholder, single line",Same 6x-duplication note.
R79 — Community Orgs list,StateFilter: empty-results message,"(page-specific, e.g. 'No community orgs match.')",(page-specific — see Notes),neutral,Shown when a filter/search yields zero results,Exact per-page string: EN 'No attorneys match.' / 'No accredited representatives match.' / 'No legal aid organizations match.' / 'No schools match.' / 'No organizations match.' (community-orgs) / 'No organizations match.' (pro-bono) — ES 'Ningún abogado coincide.' / 'Ningún representante acreditado coincide.' / 'Ninguna organización de asistencia legal coincide.' / 'Ninguna escuela coincide.' / 'Ninguna organización coincide.' / 'Ninguna organización coincide.' Consolidated into one row per page to avoid 6 near-identical rows; verify each page's exact wording directly in its own StateFilter emptyMessage prop.
R79 — Community Orgs list,ReportListingLink: trigger,See something wrong with this listing? Report it,¿Ves algo incorrecto en este listado? Repórtalo,tú,"Link, single line","Imperative 'Repórtalo' informal; identical string re-typed as a labels prop on all 6 pages (not shared via one constant) — a future wording change needs editing in 6 files, not 1."
R79 — Community Orgs list,ReportListingLink: success,Thanks — we'll take a look.,Gracias — lo revisaremos.,neutral,Inline confirmation,Identical across pages that override labels.
R79 — Community Orgs list,ReportListingLink: what's-wrong label,What's wrong with this listing?,¿Qué está mal en este listado?,neutral,Form field label,Identical across pages that override labels.
R79 — Community Orgs list,ReportListingLink: what's-wrong placeholder,"e.g. phone number is disconnected, no longer at this address, organization closed","ej. el teléfono está desconectado, ya no está en esta dirección, la organización cerró",neutral,Input placeholder,Identical across pages that override labels.
R79 — Community Orgs list,ReportListingLink: email label,"Your email (optional, if you'd like a reply)","Tu correo (opcional, si quieres una respuesta)",tú,Form field label,'Tu correo' / 'quieres' informal; identical across pages that override labels.
R79 — Community Orgs list,ReportListingLink: sending state,Sending…,Enviando…,neutral,"Button label, transient",Identical across pages that override labels.
R79 — Community Orgs list,ReportListingLink: send button,Send report,Enviar reporte,neutral,"Button, short",Identical across pages that override labels.
R79 — Community Orgs list,ReportListingLink: cancel button,Cancel,Cancelar,neutral,"Button, short",Identical across pages that override labels.
R79 — Community Orgs list,ReportListingLink: default error,Something went wrong. Please try again.,Algo salió mal. Por favor intenta de nuevo.,tú,Inline error text,'intenta' informal (usted = 'intente'); identical across pages that override labels.
R79 — Community Orgs list,Bottom CTA paragraph,"Run a community or cultural organization serving immigrants? Apply to be listed — free, no cost to join.","¿Diriges una organización comunitaria o cultural que sirve a inmigrantes? Solicita ser listado — gratis, sin costo de inscripción. (Formulario en inglés.)",tú,Free-form join-CTA line; join form itself stays English,H1 'Encuentra' + bottom CTA '¿Diriges...?' tú; body paragraph itself has no direct-address verb (3rd person description).
R79 — Pro Bono Representation list,Metadata title,Find Free Immigration Court Representation | CaseWhy,Encuentra Representación Gratuita en la Corte de Inmigración | CaseWhy,neutral,SEO title tag,"Imperative 'Encuentra' informal, same pattern as the H1 (pro-bono-representation's title uses the noun 'Representación' instead, no imperative verb)."
R79 — Pro Bono Representation list,Language switcher (on EN page),Español,Español,neutral,Single-line link,
R79 — Pro Bono Representation list,Language switcher (on ES page),English,English,neutral,Single-line link,
R79 — Pro Bono Representation list,H1,Find pro bono immigration-court representation,Encuentra representación gratuita en la corte de inmigración,tú,,
R79 — Pro Bono Representation list,Intro paragraph,"Organizations offering free representation in immigration court proceedings (removal defense), organized by the immigration court they serve — a more specific, often higher-stakes need than general legal aid.","Organizaciones que ofrecen representación gratuita en procesos ante la corte de inmigración (defensa contra deportación), organizadas por la corte de inmigración a la que sirven — una necesidad más específica y a menudo de mayor riesgo que la asistencia legal general.",neutral,,H1 'Encuentra' + bottom CTA '¿Ofreces...?' tú; disclaimer itself is neutral 3rd-person EOIR/legal boilerplate.
R79 — Pro Bono Representation list,Disclaimer box,"EOIR does not endorse any of these organizations, referral services, or attorneys. Publication of this list does not constitute an endorsement by EOIR, and omission does not constitute a disapproval. EOIR does not participate in, nor is it responsible for, the representation decisions or performance of counsel on this list.","EOIR no avala a ninguna de estas organizaciones, servicios de referencia, o abogados. La publicación de esta lista no constituye un aval por parte de EOIR, y su omisión no constituye una desaprobación. EOIR no participa en, ni es responsable de, las decisiones de representación o el desempeño de los abogados en esta lista.",neutral,,
R79 — Pro Bono Representation list,Free-to-browse line,"Free to browse, always — no fees, no ads, no sign-in required.","Gratis para explorar, siempre — sin cuotas, sin anuncios, sin necesidad de iniciar sesión.",neutral,"Small print, shared verbatim across all 6 entity pages",
R79 — Pro Bono Representation list,Empty-state message,"We're still building this list out — check back soon. In the meantime, EOIR publishes its own List of Pro Bono Legal Service Providers.","Todavía estamos construyendo esta lista — vuelve pronto. Mientras tanto, EOIR publica su propia Lista de Proveedores de Servicios Legales Pro Bono. (en inglés)",neutral,Dormant — only renders when the directory has zero entries; currently always populated with real data,
R79 — Pro Bono Representation list,StateFilter: filter-by-state label,Filter by state,Filtrar por estado,neutral,"Dropdown label, single line","Identical string reused across all 6 entity pages via the StateFilter component's optional prop — a future wording change needs editing in 6 files, not 1."
R79 — Pro Bono Representation list,StateFilter: all-states label,All states,Todos los estados,neutral,"Dropdown option, count appended by the component",Same 6x-duplication note as filter-by-state label.
R79 — Pro Bono Representation list,StateFilter: none-yet label,(none yet),(ninguno aún),neutral,Per-state dropdown option suffix,Same 6x-duplication note.
R79 — Pro Bono Representation list,StateFilter: search placeholder,"Search by name, organization, or city","Buscar por nombre, organización, o ciudad",neutral,"Input placeholder, single line",Same 6x-duplication note.
R79 — Pro Bono Representation list,StateFilter: empty-results message,"(page-specific, e.g. 'No pro bono representation match.')",(page-specific — see Notes),neutral,Shown when a filter/search yields zero results,Exact per-page string: EN 'No attorneys match.' / 'No accredited representatives match.' / 'No legal aid organizations match.' / 'No schools match.' / 'No organizations match.' (community-orgs) / 'No organizations match.' (pro-bono) — ES 'Ningún abogado coincide.' / 'Ningún representante acreditado coincide.' / 'Ninguna organización de asistencia legal coincide.' / 'Ninguna escuela coincide.' / 'Ninguna organización coincide.' / 'Ninguna organización coincide.' Consolidated into one row per page to avoid 6 near-identical rows; verify each page's exact wording directly in its own StateFilter emptyMessage prop.
R79 — Pro Bono Representation list,ReportListingLink: trigger,See something wrong with this listing? Report it,¿Ves algo incorrecto en este listado? Repórtalo,tú,"Link, single line","Imperative 'Repórtalo' informal; identical string re-typed as a labels prop on all 6 pages (not shared via one constant) — a future wording change needs editing in 6 files, not 1."
R79 — Pro Bono Representation list,ReportListingLink: success,Thanks — we'll take a look.,Gracias — lo revisaremos.,neutral,Inline confirmation,Identical across pages that override labels.
R79 — Pro Bono Representation list,ReportListingLink: what's-wrong label,What's wrong with this listing?,¿Qué está mal en este listado?,neutral,Form field label,Identical across pages that override labels.
R79 — Pro Bono Representation list,ReportListingLink: what's-wrong placeholder,"e.g. phone number is disconnected, no longer at this address, organization closed","ej. el teléfono está desconectado, ya no está en esta dirección, la organización cerró",neutral,Input placeholder,Identical across pages that override labels.
R79 — Pro Bono Representation list,ReportListingLink: email label,"Your email (optional, if you'd like a reply)","Tu correo (opcional, si quieres una respuesta)",tú,Form field label,'Tu correo' / 'quieres' informal; identical across pages that override labels.
R79 — Pro Bono Representation list,ReportListingLink: sending state,Sending…,Enviando…,neutral,"Button label, transient",Identical across pages that override labels.
R79 — Pro Bono Representation list,ReportListingLink: send button,Send report,Enviar reporte,neutral,"Button, short",Identical across pages that override labels.
R79 — Pro Bono Representation list,ReportListingLink: cancel button,Cancel,Cancelar,neutral,"Button, short",Identical across pages that override labels.
R79 — Pro Bono Representation list,ReportListingLink: default error,Something went wrong. Please try again.,Algo salió mal. Por favor intenta de nuevo.,tú,Inline error text,'intenta' informal (usted = 'intente'); identical across pages that override labels.
R79 — Pro Bono Representation list,Bottom CTA paragraph,"Provide pro bono immigration-court representation? Apply to be listed — free, no cost to join.","¿Ofreces representación pro bono en la corte de inmigración? Solicita ser listado — gratis, sin costo de inscripción. (Formulario en inglés.)",tú,Free-form join-CTA line; join form itself stays English,H1 'Encuentra' + bottom CTA '¿Ofreces...?' tú; disclaimer itself is neutral 3rd-person EOIR/legal boilerplate.
"R79 follow-up — AuthHeader (global nav, every page)",Signed-in nav: Get Help label,Get Help,Obtener ayuda,neutral,"Single-line nav item, shown only when on an /es/* page or the sticky locale cookie/?lang=es param says Spanish","Infinitive phrase, register-neutral. The other 7 signed-in nav items (Dashboard, Ask a question, CaseWhy Plus, Processing times, Visa bulletin, News, Settings) were never translated — no Spanish destination exists for any of them, so their labels stay English even when the header is otherwise in Spanish mode."
"R79 follow-up — AuthHeader (global nav, every page)",Signed-out: Get Help label,Get Help,Obtener ayuda,neutral,Single-line nav item,"Same string as the signed-in nav version, in a different branch of the component."
"R79 follow-up — AuthHeader (global nav, every page)",Signed-out: Sign in label,Sign in,Iniciar sesión,neutral,Single-line nav item; destination form (/auth/sign-in) itself stays fully English,"Infinitive phrase, register-neutral. This is the only translated string anywhere in the actual sign-in flow — sign-in/page.tsx's form fields ('Email address', 'Password', 'Forgot password?', etc.) were never translated. The task doc's own example ('R80 — Sign-in form') implies a full sign-in-form translation happened under a 'round 80' — it didn't; see the header note in this export."
R97 — FAQ (app.casewhy.com/faq + casewhy.com/faq.html),Page <title>,Frequently Asked Questions | CaseWhy,Preguntas Frecuentes | CaseWhy,usted,SEO title tag,New page under round 97; first FAQ content in Spanish.
R97 — FAQ,Meta description,"Answers to common questions about CaseWhy — affiliation with USCIS, pricing, legal advice, and how your case data is protected.","Respuestas a las preguntas más comunes sobre CaseWhy — afiliación con USCIS, precios, asesoría legal y cómo se protegen los datos de su caso.",usted,SEO meta description,
R97 — FAQ,H1,Frequently asked questions,Preguntas frecuentes,usted,Page heading,
R97 — FAQ,Intro line,"The most common questions about CaseWhy. For full detail, see the Terms of Service and Privacy Policy.","Las preguntas más comunes sobre CaseWhy. Para más detalles, consulte los Términos de Servicio y la Política de Privacidad (en inglés).",usted,"Terms/Privacy pages themselves stay English, tagged (en inglés) per the established convention",
R97 — FAQ,Q1: Is CaseWhy affiliated with USCIS?,Is CaseWhy affiliated with USCIS?,¿CaseWhy está afiliado a USCIS?,usted,FAQ question,
R97 — FAQ,A1,"No. CaseWhy is not affiliated with, endorsed by, or operated by USCIS, the Department of Homeland Security, or any other government agency. CaseWhy displays information sourced from public government systems, but doesn't control that data and can't guarantee its accuracy, completeness, or timeliness.","No. CaseWhy no está afiliado con USCIS, el Departamento de Seguridad Nacional (DHS) ni ninguna otra agencia gubernamental, y no cuenta con su respaldo ni es operado por ellos. CaseWhy muestra información obtenida de sistemas gubernamentales públicos, pero no controla esos datos y no puede garantizar su exactitud, integridad ni actualidad.",usted,FAQ answer,
R97 — FAQ,Q2: Is CaseWhy really free?,Is CaseWhy really free?,¿CaseWhy es realmente gratis?,usted,FAQ question,"Corrected same round: free tier is 3 tracked cases (round 47), not 1 — English source also fixed, not just translated."
R97 — FAQ,A2,"CaseWhy has a free tier — up to three tracked cases, a status timeline, AI-generated plain-language explanations, and three AI questions about your case each month — plus an optional paid Plus tier for tracking more cases, unlimited questions, and other add-ons (see the Plus page for current pricing). Get Help — CaseWhy's directories of free legal aid, accredited representatives, attorneys, and other resources — is free to everyone, always, regardless of subscription: no fees, no ads, no hidden cost.","CaseWhy tiene un nivel gratuito — hasta tres casos rastreados, una línea de tiempo de estado, explicaciones en lenguaje sencillo generadas por IA, y tres preguntas de IA sobre su caso cada mes — además de un nivel Plus opcional y de pago para rastrear más casos, preguntas ilimitadas y otras funciones adicionales (consulte la página de Plus para ver los precios actuales). Obtener ayuda — los directorios de CaseWhy de asistencia legal gratuita, representantes acreditados, abogados y otros recursos — es gratis para todos, siempre, sin importar la suscripción: sin tarifas, sin anuncios, sin costos ocultos.",usted,"FAQ answer; Get Help ordering also corrected to legal aid -> accredited reps -> attorneys, matching round 51's canonical order",
R97 — FAQ,Q3: Is anything CaseWhy tells me legal advice?,Is anything CaseWhy tells me legal advice?,¿Algo de lo que CaseWhy me dice es asesoría legal?,usted,FAQ question,
R97 — FAQ,A3,"No. CaseWhy is not a law firm, does not provide legal advice, and using it does not create an attorney-client relationship of any kind. Explanations of your case status, AI chat answers, processing-time estimates, visa bulletin information, and escalation-toolkit drafting assistance are all general, informational content drawn from public USCIS materials — describing what a status or process generally means, never a conclusion about what you, specifically, should do about your case. For asylum (I-589) and DACA (I-821D) cases in particular, CaseWhy will never tell you whether you're eligible for relief or predict your case's outcome — only a licensed immigration attorney or accredited representative can do that, and CaseWhy will direct you to one whenever a question depends on your individual facts.","No. CaseWhy no es un despacho de abogados, no ofrece asesoría legal, y su uso no crea ningún tipo de relación abogado-cliente. Las explicaciones sobre el estado de su caso, las respuestas del chat de IA, las estimaciones de tiempos de procesamiento, la información del boletín de visas y la ayuda para redactar cartas de escalamiento son todo contenido general e informativo obtenido de materiales públicos de USCIS — que describen lo que un estado o proceso generalmente significa, nunca una conclusión sobre lo que usted, específicamente, debería hacer con su caso. Para los casos de asilo (I-589) y DACA (I-821D) en particular, CaseWhy nunca le dirá si usted califica para algún alivio ni predecirá el resultado de su caso — solo un abogado de inmigración con licencia o un representante acreditado puede hacerlo, y CaseWhy lo referirá a uno cada vez que una pregunta dependa de los hechos específicos de su caso.",usted,"FAQ answer, longest of the five",
R97 — FAQ,Q4: How is my case data protected?,How is my case data protected?,¿Cómo se protegen los datos de mi caso?,usted,FAQ question,
R97 — FAQ,A4,"Case and account data is encrypted both at rest and in transit. CaseWhy doesn't sell or rent personal information to third parties, doesn't use case data for advertising, and runs no advertising of any kind — there's no ad network for data to reach in the first place. Data is retained for as long as an account is active; a dormant account doesn't get different handling or earlier deletion.","Los datos de su caso y de su cuenta están cifrados tanto en reposo como en tránsito. CaseWhy no vende ni alquila información personal a terceros, no utiliza los datos de su caso con fines publicitarios, y no muestra ningún tipo de publicidad — no existe ninguna red publicitaria a la que esos datos puedan llegar. Los datos se conservan mientras la cuenta esté activa; una cuenta inactiva no recibe un manejo distinto ni una eliminación anticipada.",usted,FAQ answer,
R97 — FAQ,Q5: What happens to my data if I cancel or delete my account?,What happens to my data if I cancel or delete my account?,¿Qué pasa con mis datos si cancelo o elimino mi cuenta?,usted,FAQ question,
R97 — FAQ,A5,"If you delete your account, your case data is permanently deleted within 30 days. You can access, correct, or delete your data at any time from account settings, or by emailing privacy@casewhy.com.","Si elimina su cuenta, los datos de su caso se eliminan de forma permanente dentro de 30 días. Usted puede acceder, corregir o eliminar sus datos en cualquier momento desde la configuración de la cuenta, o escribiendo a privacy@casewhy.com.",usted,FAQ answer,
R97 — FAQ,Footer line,Have a question this doesn't answer? See the site index or email hello@casewhy.com.,¿Tiene una pregunta que esto no responde? Consulte el índice del sitio o escriba a hello@casewhy.com.,usted,Footer/closing line,
R97 — FAQ,"Language switcher label (on /faq, pointing to /es/faq)",Español,Español,n/a,"Single-word link label, same as round 82's switcher elsewhere",
R97 — FAQ,"Language switcher label (on /es/faq, pointing to /faq)",English,English,n/a,"Single-word link label, same as round 82's switcher elsewhere",
R97 — Site Index (/sitemap),Page <title>,Site Index | CaseWhy,Índice del Sitio | CaseWhy,usted,SEO title tag,
R97 — Site Index,Meta description,"Every public page on CaseWhy, in one place.","Todas las páginas públicas de CaseWhy, en un solo lugar.",usted,SEO meta description,
R97 — Site Index,H1,Site index,Índice del sitio,usted,Page heading,
R97 — Site Index,Intro line,"Every public page on CaseWhy, in one place.","Todas las páginas públicas de CaseWhy, en un solo lugar.",usted,Body intro line,
R97 — Site Index,Section: CaseWhy,CaseWhy,CaseWhy,n/a,"Section heading, brand name unchanged",
R97 — Site Index,Link: marketing site,casewhy.com — marketing site,casewhy.com — sitio de mercadeo,usted,External link label; target changed to casewhy.com/es/,
R97 — Site Index,Link: app root,app.casewhy.com — sign in / track a case,app.casewhy.com — iniciar sesión / rastrear un caso,usted,Internal link label; target is /?lang=es so the redirect lands on casewhy.com/es,
R97 — Site Index,Link: Plus,CaseWhy Plus — pricing & features,CaseWhy Plus — precios y funciones,usted,"Internal link label, points to /es/plus",
R97 — Site Index,Section: Get help,Get help,Obtener ayuda,usted,Section heading,
R97 — Site Index,Link: Get Help all categories,Get Help — all categories,Obtener ayuda — todas las categorías,usted,Points to /es/get-help,
R97 — Site Index,Link: Ask CaseWhy,"Ask CaseWhy — free, no sign-in required","Pregúntele a CaseWhy — gratis, sin necesidad de iniciar sesión",usted,"No Spanish version of /get-help/ask exists; tagged (en inglés), target stays English","Label translated even though the destination page itself is English, per the task's own instruction not to silently link to English."
R97 — Site Index,Link: attorneys,Find an immigration attorney,Encuentre un abogado de inmigración,usted,Points to /es/attorneys,
R97 — Site Index,Link: accredited reps,Find a DOJ-accredited representative,Encuentre un representante acreditado por el DOJ,usted,Points to /es/accredited-representatives,
R97 — Site Index,Link: legal aid,Find free & low-cost legal aid,Encuentre asistencia legal gratuita o de bajo costo,usted,Points to /es/legal-aid,
R97 — Site Index,Link: pro bono,Find pro bono immigration-court representation,Encuentre representación pro bono en la corte de inmigración,usted,Points to /es/pro-bono-representation,
R97 — Site Index,Link: DSO,Find your school's international student office,Encuentre la oficina de estudiantes internacionales de su escuela,usted,Points to /es/dso,
R97 — Site Index,Link: community orgs,Find a community or cultural organization,Encuentre una organización comunitaria o cultural,usted,Points to /es/community-orgs,
R97 — Site Index,Section: Reference,Reference,Referencia,usted,Section heading,
R97 — Site Index,Link: processing times,USCIS processing times by form,Tiempos de procesamiento de USCIS por formulario,usted,No Spanish version exists; tagged (en inglés),
R97 — Site Index,Link: visa bulletin,Visa bulletin — Final Action Dates,Boletín de visas — Fechas de Acción Final,usted,No Spanish version exists; tagged (en inglés),
R97 — Site Index,Link: policy memos,"USCIS policy memos, explained","Memorandos de política de USCIS, explicados",usted,No Spanish version exists; tagged (en inglés),
R97 — Site Index,Link: updates blog,Updates — the CaseWhy blog,Actualizaciones — el blog de CaseWhy,usted,No Spanish version exists; tagged (en inglés),
R97 — Site Index,Link: news,Immigration news,Noticias de inmigración,usted,No Spanish version exists; tagged (en inglés),
R97 — Site Index,Link: FAQ,Frequently asked questions,Preguntas frecuentes,usted,Points to the new /es/faq (round 97 item 3),
R97 — Site Index,Section: Legal,Legal,Legal,n/a,"Section heading, unchanged",
R97 — Site Index,Link: Privacy Policy,Privacy Policy,Política de Privacidad,usted,No Spanish version exists; tagged (en inglés),
R97 — Site Index,Link: Terms of Service,Terms of Service,Términos de Servicio,usted,No Spanish version exists; tagged (en inglés),
R97 — Site Index,Tag suffix on English-only links,(en inglés),(en inglés),n/a,"Appended after any link whose destination stays English, per the task's explicit instruction",
R97 — Site Index,Footer line,"Looking for the machine-readable version? See sitemap.xml, which also lists every individual directory listing and policy-memo permalink.","¿Busca la versión legible por máquina? Vea sitemap.xml, que también enumera cada listado de directorio y permalink de memorando de política individual.",usted,Closing line,
R97 — Site Index,"Language switcher label (on /sitemap, pointing to /es/sitemap)",Español,Español,n/a,"Single-word link label, same as round 82's switcher elsewhere",
R97 — Site Index,"Language switcher label (on /es/sitemap, pointing to /sitemap)",English,English,n/a,"Single-word link label, same as round 82's switcher elsewhere",
R98 — AuthHeader (global nav),Signed-in nav: Admin label,Admin,Administración,neutral,"Single-line nav item, rendered only for admin@casewhy.com","New nav entry, admin-only, links to /admin."
R98 — Admin shell (sidebar + breadcrumb),Group: Marketing,Marketing,Marketing,n/a,Sidebar group heading,"Brand/loanword, unchanged."
R98 — Admin shell,Group: Mail,Mail,Correo,n/a,Sidebar group heading,
R98 — Admin shell,Group: Outreach,Outreach,Contacto,n/a,Sidebar group heading,
R98 — Admin shell,Entry: Queue,Queue,Cola de marketing,n/a,Sidebar/breadcrumb label for /admin/marketing,Per the task doc's own specified string.
R98 — Admin shell,Entry: Log,Log,Registro,n/a,Sidebar/breadcrumb label for /admin/marketing/log,
R98 — Admin shell,Entry: Attribution,Attribution,Atribución,n/a,Sidebar/breadcrumb label for /admin/marketing/attribution,
R98 — Admin shell,Entry: Settings,Settings,Configuración,n/a,Sidebar/breadcrumb label for /admin/marketing/settings,
R98 — Admin shell,Entry: Replies,Replies,Respuestas de correo,n/a,Sidebar/breadcrumb label for /admin/inbox,
R98 — Admin shell,Entry: Alias config,Alias config,Configuración de alias,n/a,Sidebar/breadcrumb label for /admin/aliases,
R98 — Admin shell,Entry: Backlink drafts,Backlink drafts,Borradores de enlaces,n/a,Sidebar/breadcrumb label for /admin/backlink-outreach,
R98 — Admin shell,Breadcrumb root: Admin,Admin,Administración,n/a,"Breadcrumb crumb, same as the header nav label",
R98 — Admin shell,Back-to-dashboard link,Back to dashboard,Volver al panel,usted,"Top-of-shell link, above the breadcrumb",
"R101 — AuthHeader (global nav, every page)",Resources menu trigger label,Resources,Recursos,neutral,"Button label + dropdown aria-label, both signed-in and signed-out header",Menu title per the task doc's own instruction.
R101 — AuthHeader Resources menu,Menu item: Processing times,Processing times,Tiempos de procesamiento,neutral,"Short dropdown label; round 79 follow-up had left this nav item deliberately English-only (no destination existed then) — now has a real Spanish label for the first time",Full page label unchanged (USCIS processing times by form / Tiempos de procesamiento de USCIS por formulario); this is the shorter header-menu-only form.
R101 — AuthHeader Resources menu,Menu item: Visa bulletin,Visa bulletin,Boletín de visas,neutral,"Short dropdown label, same round-79-gap reasoning as above",
R101 — AuthHeader Resources menu,Menu item: Immigration news,Immigration news,Noticias de inmigración,neutral,"Short dropdown label, same round-79-gap reasoning as above",Matches the existing PUBLIC_PAGES label/labelEs exactly — no separate menuLabel override needed in code.
R101 — AuthHeader Resources menu,Menu item: Policy memos,"USCIS policy memos, explained",Memorandos de política,neutral,Short dropdown label; full page label unchanged,
R101 — AuthHeader Resources menu,Menu item: Updates,Updates — the CaseWhy blog,Actualizaciones,neutral,Short dropdown label; full page label unchanged,
R101 — AuthHeader Resources menu,Menu item: FAQ,Frequently asked questions,FAQ,neutral,Short dropdown label; full page label unchanged (Preguntas frecuentes) still used on the FAQ page itself and the footer,
R101 — AuthHeader Resources menu,Menu item: Site index,Site index,Índice del sitio,neutral,"Matches the existing PUBLIC_PAGES label/labelEs exactly, listed for completeness",
R101 — Admin shell (sidebar + /admin cards),Group: Billing,Billing,Facturación,n/a,Sidebar group heading,New group; Stripe-hosted screens only — no CaseWhy UI behind these two entries.
R101 — Admin shell,Entry: Coupons & promo codes (Stripe),Coupons & promo codes (Stripe),Cupones y códigos promocionales (Stripe),n/a,"Sidebar/admin-index label, external link to dashboard.stripe.com/coupons (opens new tab)",
R101 — Admin shell,Entry: Subscriptions (Stripe),Subscriptions (Stripe),Suscripciones (Stripe),n/a,"Sidebar/admin-index label, external link to dashboard.stripe.com/subscriptions (opens new tab)",
